﻿{
	"metadata": {
		"configurationVersions": [
			2
		],
		"clusterVersion": "1.175.0.20190729-125021"
	},
	"id": "7afde609-dbbe-486f-b2c0-0bde4c4da313",
	"dashboardMetadata": {
		"name": "\u2620 Abandons Analysis",
		"shared": true,
		"owner": "MyEmail",
		"sharingDetails": {
			"linkShared": false,
			"published": true
		},
		"dashboardFilter": {
			"timeframe": "l_2_HOURS",
			"managementZone": null
		}
	},
	"tiles": [
		{
			"name": "DTAQL",
			"tileType": "DTAQL",
			"configured": true,
			"bounds": {
				"top": 38,
				"left": 988,
				"width": 190,
				"height": 152
			},
			"tileFilter": {
				"timeframe": null,
				"managementZone": null
			},
			"customName": "\ud83d\ude0a",
			"query": "select count(distinct userSessionId) as \"Abandons Count\" FROM usersession where useraction.application=\"MyApp\" and\n\tuserExperienceScore=\"SATISFIED\" and useraction.name!=\"LastStep\" and\n\trevenueproperty>0\n",
			"type": "SINGLE_VALUE", "timeFrameShift": "-2h"
		},
		{
			"name": "DTAQL",
			"tileType": "DTAQL",
			"configured": true,
			"bounds": {
				"top": 38,
				"left": 1178,
				"width": 190,
				"height": 152
			},
			"tileFilter": {
				"timeframe": null,
				"managementZone": null
			},
			"customName": "\ud83d\ude1f",
			"query": "select count(distinct userSessionId) as \"Abandons Count\" FROM usersession where useraction.application=\"MyApp\" and\n\tuserExperienceScore=\"TOLERATED\" and useraction.name!=\"LastStep\" and\n\trevenueproperty>0\n",
			"type": "SINGLE_VALUE", "timeFrameShift": "-2h"
		},
		{
			"name": "DTAQL",
			"tileType": "DTAQL",
			"configured": true,
			"bounds": {
				"top": 38,
				"left": 1368,
				"width": 190,
				"height": 152
			},
			"tileFilter": {
				"timeframe": null,
				"managementZone": null
			},
			"customName": "\ud83d\ude22",
			"query": "select count(distinct userSessionId) as \"Abandons Count\" FROM usersession where useraction.application=\"MyApp\" and\n\tuserExperienceScore=\"FRUSTRATED\" and useraction.name!=\"LastStep\" and\n\trevenueproperty>0\n",
			"type": "SINGLE_VALUE", "timeFrameShift": "-2h"
		},
		{
			"name": "User Sessions Query",
			"tileType": "DTAQL",
			"configured": true,
			"bounds": {
				"top": 228,
				"left": 0,
				"width": 760,
				"height": 304
			},
			"tileFilter": {
				"timeframe": null,
				"managementZone": null
			},
			"customName": "\u2620",
			"query": "select DISTINCT DATETIME(starttime, \"HH:mm\", \"10m\") as \"Time\", sum(revenueproperty) as \"Lost Revenue\" FROM usersession where useraction.application=\"MyApp\" and useraction.name != \"LastStep\" ",
			"type": "COLUMN_CHART"
		},
		{
			"name": "Lost Revenue Over Time",
			"tileType": "HEADER",
			"configured": true,
			"bounds": {
				"top": 190,
				"left": 0,
				"width": 342,
				"height": 38
			},
			"tileFilter": {
				"timeframe": null,
				"managementZone": null
			}
		},
		{
			"name": "Markdown",
			"tileType": "MARKDOWN",
			"configured": true,
			"bounds": {
				"top": 0,
				"left": 1520,
				"width": 152,
				"height": 38
			},
			"tileFilter": {
				"timeframe": null,
				"managementZone": null
			},
			"markdown": "## [Return](#dashboard;id=6e481cc8-bea9-46ba-b1f8-23ebcc1da313)"
		},
		{
			"name": "DTAQL",
			"tileType": "DTAQL",
			"configured": true,
			"bounds": {
				"top": 228,
				"left": 798,
				"width": 760,
				"height": 304
			},
			"tileFilter": {
				"timeframe": null,
				"managementZone": null
			},
			"customName": "\u2620",
			"query": "select distinct DATETIME(starttime, \"HH:mm\", \"10m\") as \"Time\", count(userSessionId) as \"Abandons Count\" FROM usersession where useraction.application=\"MyApp\" and\n\tuseraction.name!=\"LastStep\" and\n\trevenueproperty>0\n",
			"type": "COLUMN_CHART"
		},
		{
			"name": "Abandons Over Time",
			"tileType": "HEADER",
			"configured": true,
			"bounds": {
				"top": 190,
				"left": 798,
				"width": 304,
				"height": 38
			},
			"tileFilter": {
				"timeframe": null,
				"managementZone": null
			}
		},
		{
			"name": "Markdown",
			"tileType": "MARKDOWN",
			"configured": true,
			"bounds": {
				"top": 0,
				"left": 190,
				"width": 152,
				"height": 38
			},
			"tileFilter": {
				"timeframe": null,
				"managementZone": null
			},
			"markdown": "## [Satisfied](https://MyTenant/ui/user-sessions/query?sessionquery=select%20userId%20as%20%22User%22,%20revenueproperty%20as%20%22Revenue%22%20FROM%20usersession%20where%0A%09userExperienceScore%3D%22SATISFIED%22%20and%20useraction.name!%3D%22LastStep%22%20and%0A%09revenueproperty%3E0%20order%20by%20revenueproperty%20desc&visualization=TABLE)"
		},
		{
			"name": "Markdown",
			"tileType": "MARKDOWN",
			"configured": true,
			"bounds": {
				"top": 0,
				"left": 380,
				"width": 152,
				"height": 38
			},
			"tileFilter": {
				"timeframe": null,
				"managementZone": null
			},
			"markdown": "## [Tolerated](https://MyTenant/ui/user-sessions/query?sessionquery=select%20userId%20as%20%22User%22,%20revenueproperty%20as%20%22Revenue%22%20FROM%20usersession%20where%0A%09userExperienceScore%3D%22TOLERATED%22%20and%20useraction.name!%3D%22LastStep%22%20and%0A%09revenueproperty%3E0%20order%20by%20revenueproperty%20desc&visualization=TABLE)"
		},
		{
			"name": "Markdown",
			"tileType": "MARKDOWN",
			"configured": true,
			"bounds": {
				"top": 0,
				"left": 570,
				"width": 152,
				"height": 38
			},
			"tileFilter": {
				"timeframe": null,
				"managementZone": null
			},
			"markdown": "## [Frustrated](https://MyTenant/ui/user-sessions/query?sessionquery=select%20userId%20as%20%22User%22,%20revenueproperty%20as%20%22Revenue%22%20FROM%20usersession%20where%0A%09userExperienceScore%3D%22FRUSTRATED%22%20and%20useraction.name!%3D%22LastStep%22%20and%0A%09revenueproperty%3E0%20order%20by%20revenueproperty%20desc&visualization=TABLE)"
		},
		{
			"name": "Markdown",
			"tileType": "MARKDOWN",
			"configured": true,
			"bounds": {
				"top": 0,
				"left": 988,
				"width": 152,
				"height": 38
			},
			"tileFilter": {
				"timeframe": null,
				"managementZone": null
			},
			"markdown": "## [Satisfied](https://MyTenant/ui/user-sessions/query?sessionquery=select%20userId%20as%20%22User%22,%20revenueproperty%20as%20%22Revenue%22%20FROM%20usersession%20where%0A%09userExperienceScore%3D%22SATISFIED%22%20and%20useraction.name!%3D%22LastStep%22%20and%0A%09revenueproperty%3E0%20order%20by%20revenueproperty%20desc&visualization=TABLE)"
		},
		{
			"name": "Markdown",
			"tileType": "MARKDOWN",
			"configured": true,
			"bounds": {
				"top": 0,
				"left": 1178,
				"width": 152,
				"height": 38
			},
			"tileFilter": {
				"timeframe": null,
				"managementZone": null
			},
			"markdown": "## [Tolerated](https://MyTenant/ui/user-sessions/query?sessionquery=select%20userId%20as%20%22User%22,%20revenueproperty%20as%20%22Revenue%22%20FROM%20usersession%20where%0A%09userExperienceScore%3D%22TOLERATED%22%20and%20useraction.name!%3D%22LastStep%22%20and%0A%09revenueproperty%3E0%20order%20by%20revenueproperty%20desc&visualization=TABLE)"
		},
		{
			"name": "Markdown",
			"tileType": "MARKDOWN",
			"configured": true,
			"bounds": {
				"top": 0,
				"left": 1368,
				"width": 152,
				"height": 38
			},
			"tileFilter": {
				"timeframe": null,
				"managementZone": null
			},
			"markdown": "## [Frustrated](https://MyTenant/ui/user-sessions/query?sessionquery=select%20userId%20as%20%22User%22,%20revenueproperty%20as%20%22Revenue%22%20FROM%20usersession%20where%0A%09userExperienceScore%3D%22FRUSTRATED%22%20and%20useraction.name!%3D%22LastStep%22%20and%0A%09revenueproperty%3E0%20order%20by%20revenueproperty%20desc&visualization=TABLE)"
		},
		{
			"name": "DTAQL",
			"tileType": "DTAQL",
			"configured": true,
			"bounds": {
				"top": 38,
				"left": 190,
				"width": 190,
				"height": 152
			},
			"tileFilter": {
				"timeframe": null,
				"managementZone": null
			},
			"customName": "\ud83d\ude0a",
			"query": "select sum(revenueproperty) as \"Lost Revenue\" FROM usersession where useraction.application=\"MyApp\" and\n\tuserExperienceScore=\"SATISFIED\" and useraction.name!=\"LastStep\" and\n\trevenueproperty>0\n",
			"type": "SINGLE_VALUE", "timeFrameShift": "-2h"
		},
		{
			"name": "DTAQL",
			"tileType": "DTAQL",
			"configured": true,
			"bounds": {
				"top": 38,
				"left": 380,
				"width": 190,
				"height": 152
			},
			"tileFilter": {
				"timeframe": null,
				"managementZone": null
			},
			"customName": "\ud83d\ude1f",
			"query": "select sum(revenueproperty) as \"Lost Revenue\" FROM usersession where useraction.application=\"MyApp\" and\n\tuserExperienceScore=\"TOLERATED\" and useraction.name!=\"LastStep\" and\n\trevenueproperty>0\n",
			"type": "SINGLE_VALUE", "timeFrameShift": "-2h"
		},
		{
			"name": "DTAQL",
			"tileType": "DTAQL",
			"configured": true,
			"bounds": {
				"top": 38,
				"left": 570,
				"width": 190,
				"height": 152
			},
			"tileFilter": {
				"timeframe": null,
				"managementZone": null
			},
			"customName": "\ud83d\ude22",
			"query": "select sum(revenueproperty) as \"Lost Revenue\" FROM usersession where useraction.application=\"MyApp\" and\n\tuserExperienceScore=\"FRUSTRATED\" and useraction.name!=\"LastStep\" and\n\trevenueproperty>0\n",
			"type": "SINGLE_VALUE", "timeFrameShift": "-2h"
		},
		{
			"name": "Lost Revenue by Apdex",
			"tileType": "HEADER",
			"configured": true,
			"bounds": {
				"top": 532,
				"left": 0,
				"width": 304,
				"height": 38
			},
			"tileFilter": {
				"timeframe": null,
				"managementZone": null
			}
		},
		{
			"name": "Lost Revenue by Browser",
			"tileType": "HEADER",
			"configured": true,
			"bounds": {
				"top": 532,
				"left": 380,
				"width": 380,
				"height": 38
			},
			"tileFilter": {
				"timeframe": null,
				"managementZone": null
			}
		},
		{
			"name": "Abandons by Apdex",
			"tileType": "HEADER",
			"configured": true,
			"bounds": {
				"top": 532,
				"left": 798,
				"width": 304,
				"height": 38
			},
			"tileFilter": {
				"timeframe": null,
				"managementZone": null
			}
		},
		{
			"name": "Abandons by Browser",
			"tileType": "HEADER",
			"configured": true,
			"bounds": {
				"top": 532,
				"left": 1178,
				"width": 342,
				"height": 38
			},
			"tileFilter": {
				"timeframe": null,
				"managementZone": null
			}
		},
		{
			"name": "User Sessions Query",
			"tileType": "DTAQL",
			"configured": true,
			"bounds": {
				"top": 570,
				"left": 0,
				"width": 380,
				"height": 266
			},
			"tileFilter": {
				"timeframe": null,
				"managementZone": null
			},
			"customName": "\u2620",
			"query": "SELECT userExperienceScore, sum(revenueproperty) FROM usersession where useraction.application=\"MyApp\" and useraction.name!=\"LastStep\" group by userExperienceScore order by sum(revenueproperty) desc",
			"type": "PIE_CHART"
		},
		{
			"name": "User Sessions Query",
			"tileType": "DTAQL",
			"configured": true,
			"bounds": {
				"top": 570,
				"left": 380,
				"width": 380,
				"height": 266
			},
			"tileFilter": {
				"timeframe": null,
				"managementZone": null
			},
			"customName": "\u2620",
			"query": "SELECT browserFamily, sum(revenueproperty) FROM usersession where useraction.application=\"MyApp\" and useraction.name!=\"LastStep\" group by browserFamily order by sum(revenueproperty) desc",
			"type": "PIE_CHART"
		},
		{
			"name": "User Sessions Query",
			"tileType": "DTAQL",
			"configured": true,
			"bounds": {
				"top": 570,
				"left": 798,
				"width": 380,
				"height": 266
			},
			"tileFilter": {
				"timeframe": null,
				"managementZone": null
			},
			"customName": "\u2620",
			"query": "SELECT userExperienceScore, count(userSessionId) FROM usersession where useraction.application=\"MyApp\" and useraction.name!=\"LastStep\" group by userExperienceScore order by count(userSessionId) desc",
			"type": "PIE_CHART"
		},
		{
			"name": "User Sessions Query",
			"tileType": "DTAQL",
			"configured": true,
			"bounds": {
				"top": 570,
				"left": 1178,
				"width": 380,
				"height": 266
			},
			"tileFilter": {
				"timeframe": null,
				"managementZone": null
			},
			"customName": "\u2620",
			"query": "SELECT browserFamily, count(userSessionId) FROM usersession where useraction.application=\"MyApp\" and useraction.name!=\"LastStep\" group by browserFamily order by count(userSessionId) desc",
			"type": "PIE_CHART"
		},
		{
			"name": "Markdown",
			"tileType": "MARKDOWN",
			"configured": true,
			"bounds": {
				"top": 0,
				"left": 0,
				"width": 190,
				"height": 38
			},
			"tileFilter": {
				"timeframe": null,
				"managementZone": null
			},
			"markdown": "## [Lost Revenue](https://MyTenant/ui/user-sessions/query?sessionquery=select%20userId%20as%20%22User%22,%20revenueproperty%20as%20%22Lost%20Revenue%22%20FROM%20usersession%20where%0A%09useraction.name!%3D%22LastStep%22%20and%0A%09revenueproperty%3E0%20order%20by%20revenueproperty%20desc%0A&visualization=TABLE)"
		},
		{
			"name": "Markdown",
			"tileType": "MARKDOWN",
			"configured": true,
			"bounds": {
				"top": 0,
				"left": 798,
				"width": 190,
				"height": 38
			},
			"tileFilter": {
				"timeframe": null,
				"managementZone": null
			},
			"markdown": "## [Abandons](https://MyTenant/ui/user-sessions/query?sessionquery=select%20userId%20as%20%22User%22,%20revenueproperty%20as%20%22Revenue%22%20FROM%20usersession%20where%0A%09useraction.name!%3D%22LastStep%22%20and%0A%09revenueproperty%3E0%20order%20by%20revenueproperty%20desc%0A&visualization=TABLE)"
		},
		{
			"name": "User Sessions Query",
			"tileType": "DTAQL",
			"configured": true,
			"bounds": {
				"top": 38,
				"left": 0,
				"width": 190,
				"height": 152
			},
			"tileFilter": {
				"timeframe": null,
				"managementZone": null
			},
			"customName": "\u2620",
			"query": "select sum(revenueproperty) as \"Lost Revenue\" FROM usersession where useraction.application=\"MyApp\" and useraction.name != \"LastStep\"",
			"type": "SINGLE_VALUE", "timeFrameShift": "-2h"
		},
		{
			"name": "User Sessions Query",
			"tileType": "DTAQL",
			"configured": true,
			"bounds": {
				"top": 38,
				"left": 798,
				"width": 190,
				"height": 152
			},
			"tileFilter": {
				"timeframe": null,
				"managementZone": null
			},
			"customName": "\u2620",
			"query": "select count(distinct userSessionId) as \"Abandons Count\" FROM usersession where useraction.application=\"MyApp\" and\n\tuseraction.name!=\"LastStep\" and\n\trevenueproperty>0\n",
			"type": "SINGLE_VALUE", "timeFrameShift": "-2h"
		}
	]
}
