﻿{
	"metadata": {
		"configurationVersions": [
			2
		],
		"clusterVersion": "1.175.0.20190729-125021"
	},
	"id": "a7340848-3f03-4155-ac11-d8ea4a7da313",
	"dashboardMetadata": {
		"name": "\ud83c\udfaf Funnel Analysis - StepHeader11",
		"shared": true,
		"owner": "MyEmail",
		"sharingDetails": {
			"linkShared": true,
			"published": true
		},
		"dashboardFilter": {
			"timeframe": "l_2_HOURS",
			"managementZone": null
		}
	},
	"tiles": [
		{
			"name": "DTAQL",
			"tileType": "DTAQL",
			"configured": true,
			"bounds": {
				"top": 304,
				"left": 0,
				"width": 228,
				"height": 228
			},
			"tileFilter": {
				"timeframe": null,
				"managementZone": null
			},
			"customName": "Continue",
			"query": "select  count(usersessionid) as \"Sessions\" FROM usersession where useraction.name = \"Step1\" and useraction.name = \"Step2\" and useraction.name = \"Step3\" and useraction.name = \"Step4\" and useraction.name = \"Step5\" and useraction.name = \"Step6\" and useraction.name = \"Step7\" and useraction.name = \"Step8\" and useraction.name = \"Step9\" and useraction.name = \"Step10\" and useraction.name = \"Step11\"  and useraction.name=\"Step12\"",
			"type": "SINGLE_VALUE", "timeFrameShift": "-2h"
		},
		{
			"name": "DTAQL",
			"tileType": "DTAQL",
			"configured": true,
			"bounds": {
				"top": 570,
				"left": 0,
				"width": 228,
				"height": 228
			},
			"tileFilter": {
				"timeframe": null,
				"managementZone": null
			},
			"customName": "Exit",
			"query": "select  count(usersessionid) as \"Sessions\" FROM usersession where useraction.name = \"Step1\" and useraction.name = \"Step2\" and useraction.name = \"Step3\" and useraction.name = \"Step4\" and useraction.name = \"Step5\" and useraction.name = \"Step6\" and useraction.name = \"Step7\" and useraction.name = \"Step8\" and useraction.name = \"Step9\" and useraction.name = \"Step10\" and useraction.name = \"Step11\"  and useraction.name!=\"Step12\"",
			"type": "SINGLE_VALUE", "timeFrameShift": "-2h"
		},
		{
			"name": "DTAQL",
			"tileType": "DTAQL",
			"configured": true,
			"bounds": {
				"top": 38,
				"left": 0,
				"width": 228,
				"height": 228
			},
			"tileFilter": {
				"timeframe": null,
				"managementZone": null
			},
			"customName": "StepHeader11",
			"query": "select count(usersessionid) as \"Sessions\" FROM usersession where useraction.name = \"Step1\" and useraction.name = \"Step2\" and useraction.name = \"Step3\" and useraction.name = \"Step4\" and useraction.name = \"Step5\" and useraction.name = \"Step6\" and useraction.name = \"Step7\" and useraction.name = \"Step8\" and useraction.name = \"Step9\" and useraction.name = \"Step10\" and useraction.name = \"Step11\" ",
			"type": "SINGLE_VALUE", "timeFrameShift": "-2h"
		},
		{
			"name": "Markdown",
			"tileType": "MARKDOWN",
			"configured": true,
			"bounds": {
				"top": 0,
				"left": 0,
				"width": 228,
				"height": 38
			},
			"tileFilter": {
				"timeframe": null,
				"managementZone": null
			},
			"markdown": "## [StepHeader11](https://MyTenant/ui/user-sessions/query?sessionquery=select%20UserId%20as%20%22User%22,%20duration%20as%20%22Funnel%20Duration%22%20FROM%20usersession%20where%20useraction.name%20%3D%20%22Step1%22%20and%20useraction.name%20%3D%20%22Step2%22%20and%20useraction.name%20%3D%20%22Step3%22%20and%20useraction.name%20%3D%20%22Step4%22%20and%20useraction.name%20%3D%20%22Step5%22%20and%20useraction.name%20%3D%20%22Step6%22%20and%20useraction.name%20%3D%20%22Step7%22%20and%20useraction.name%20%3D%20%22Step8%22%20and%20useraction.name%20%3D%20%22Step9%22%20and%20useraction.name%20%3D%20%22Step10%22%20and%20useraction.name%20%3D%20%22Step11%22%20order%20by%20duration%20desc&visualization=TABLE)"
		},
		{
			"name": "Markdown",
			"tileType": "MARKDOWN",
			"configured": true,
			"bounds": {
				"top": 266,
				"left": 0,
				"width": 228,
				"height": 38
			},
			"tileFilter": {
				"timeframe": null,
				"managementZone": null
			},
			"markdown": "## [Continue](https://MyTenant/ui/user-sessions/query?sessionquery=select%20UserId%20as%20%22User%22,%20duration%20as%20%22Funnel%20Duration%22%20FROM%20usersession%20where%20useraction.name%20%3D%20%22Step1%22%20and%20useraction.name%20%3D%20%22Step2%22%20and%20useraction.name%20%3D%20%22Step3%22%20and%20useraction.name%20%3D%20%22Step4%22%20and%20useraction.name%20%3D%20%22Step5%22%20and%20useraction.name%20%3D%20%22Step6%22%20and%20useraction.name%20%3D%20%22Step7%22%20and%20useraction.name%20%3D%20%22Step8%22%20and%20useraction.name%20%3D%20%22Step9%22%20and%20useraction.name%20%3D%20%22Step10%22%20and%20useraction.name%20%3D%20%22Step11%22%20%20and%20useraction.name%3D%22Step12%22%20order%20by%20duration%20desc&visualization=TABLE)"
		},
		{
			"name": "Markdown",
			"tileType": "MARKDOWN",
			"configured": true,
			"bounds": {
				"top": 532,
				"left": 0,
				"width": 228,
				"height": 38
			},
			"tileFilter": {
				"timeframe": null,
				"managementZone": null
			},
			"markdown": "## [Exit](https://MyTenant/ui/user-sessions/query?sessionquery=select%20UserId%20as%20%22User%22,%20duration%20as%20%22Funnel%20Duration%22%20FROM%20usersession%20where%20useraction.name%20%3D%20%22Step1%22%20and%20useraction.name%20%3D%20%22Step2%22%20and%20useraction.name%20%3D%20%22Step3%22%20and%20useraction.name%20%3D%20%22Step4%22%20and%20useraction.name%20%3D%20%22Step5%22%20and%20useraction.name%20%3D%20%22Step6%22%20and%20useraction.name%20%3D%20%22Step7%22%20and%20useraction.name%20%3D%20%22Step8%22%20and%20useraction.name%20%3D%20%22Step9%22%20and%20useraction.name%20%3D%20%22Step10%22%20and%20useraction.name%20%3D%20%22Step11%22%20%20and%20useraction.name!%3D%22Step12%22%20order%20by%20duration%20desc&visualization=TABLE)"
		},
		{
			"name": "DTAQL",
			"tileType": "DTAQL",
			"configured": true,
			"bounds": {
				"top": 38,
				"left": 342,
				"width": 228,
				"height": 228
			},
			"tileFilter": {
				"timeframe": null,
				"managementZone": null
			},
			"customName": "\u23f1",
			"query": "select AVG(useraction.duration) as \"Duration\" from usersession where useraction.name = \"Step1\" and useraction.name = \"Step2\" and useraction.name =\"Step3\" and useraction.name =\"Step4\" and useraction.name =\"Step5\" and useraction.name =\"Step6\" and useraction.name =\"Step7\" and useraction.name =\"Step8\" and useraction.name =\"Step9\" and useraction.name =\"Step10\" and useraction.name=\"Step11\"",
			"type": "SINGLE_VALUE", "timeFrameShift": "-2h"
		},
		{
			"name": "DTAQL",
			"tileType": "DTAQL",
			"configured": true,
			"bounds": {
				"top": 304,
				"left": 342,
				"width": 228,
				"height": 228
			},
			"tileFilter": {
				"timeframe": null,
				"managementZone": null
			},
			"customName": "\u23f1",
			"query": "select AVG(useraction.duration) as \"Duration\" from usersession where useraction.name = \"Step1\" and useraction.name = \"Step2\" and useraction.name =\"Step3\" and useraction.name =\"Step4\" and useraction.name =\"Step5\" and useraction.name =\"Step6\" and useraction.name =\"Step7\" and useraction.name =\"Step8\" and useraction.name =\"Step9\" and useraction.name =\"Step10\" and useraction.name=\"Step11\" and useraction.name=\"Step12\"",
			"type": "SINGLE_VALUE", "timeFrameShift": "-2h"
		},
		{
			"name": "DTAQL",
			"tileType": "DTAQL",
			"configured": true,
			"bounds": {
				"top": 570,
				"left": 342,
				"width": 228,
				"height": 228
			},
			"tileFilter": {
				"timeframe": null,
				"managementZone": null
			},
			"customName": "\u23f1",
			"query": "select AVG(useraction.duration) as \"Duration\" from usersession where useraction.name = \"Step1\" and useraction.name = \"Step2\" and useraction.name =\"Step3\" and useraction.name =\"Step4\" and useraction.name =\"Step5\" and useraction.name =\"Step6\" and useraction.name =\"Step7\" and useraction.name =\"Step8\" and useraction.name =\"Step9\" and useraction.name =\"Step10\" and useraction.name=\"Step11\" and useraction.name!=\"Step12\"",
			"type": "SINGLE_VALUE", "timeFrameShift": "-2h"
		},
		{
			"name": "Markdown",
			"tileType": "MARKDOWN",
			"configured": true,
			"bounds": {
				"top": 266,
				"left": 342,
				"width": 228,
				"height": 38
			},
			"tileFilter": {
				"timeframe": null,
				"managementZone": null
			},
			"markdown": "## [Continue Duration](https://MyTenant/ui/user-sessions/query?sessionquery=select%20userid,%20useraction.duration%20as%20%22Funnel%20Click%20Path%20Duration%22%20from%20usersession%20where%20useraction.name%20%3D%20%22Step1%22%20and%20useraction.name%20%3D%20%22Step2%22%20and%20useraction.name%20%3D%20%22Step3%22%20and%20useraction.name%20%3D%20%22Step4%22%20and%20useraction.name%20%3D%20%22Step5%22%20and%20useraction.name%20%3D%20%22Step6%22%20and%20useraction.name%20%3D%20%22Step7%22%20and%20useraction.name%20%3D%20%22Step8%22%20and%20useraction.name%20%3D%20%22Step9%22%20and%20useraction.name%20%3D%20%22Step10%22%20and%20useraction.name%3D%22Step11%22%20and%20useraction.name%3D%22Step12%22%20order%20by%20useraction.duration%20desc&visualization=TABLE)"
		},
		{
			"name": "Markdown",
			"tileType": "MARKDOWN",
			"configured": true,
			"bounds": {
				"top": 532,
				"left": 342,
				"width": 228,
				"height": 38
			},
			"tileFilter": {
				"timeframe": null,
				"managementZone": null
			},
			"markdown": "## [Exit Duration](https://MyTenant/ui/user-sessions/query?sessionquery=select%20userid,%20useraction.duration%20as%20%22Funnel%20Click%20Path%20Duration%22%20from%20usersession%20where%20useraction.name%20%3D%20%22Step1%22%20and%20useraction.name%20%3D%20%22Step2%22%20and%20useraction.name%20%3D%20%22Step3%22%20and%20useraction.name%20%3D%20%22Step4%22%20and%20useraction.name%20%3D%20%22Step5%22%20and%20useraction.name%20%3D%20%22Step6%22%20and%20useraction.name%20%3D%20%22Step7%22%20and%20useraction.name%20%3D%20%22Step8%22%20and%20useraction.name%20%3D%20%22Step9%22%20and%20useraction.name%20%3D%20%22Step10%22%20and%20useraction.name%3D%22Step11%22%20and%20useraction.name!%3D%22Step12%22%20order%20by%20useraction.duration%20desc&visualization=TABLE)"
		},
		{
			"name": "Markdown",
			"tileType": "MARKDOWN",
			"configured": true,
			"bounds": {
				"top": 0,
				"left": 342,
				"width": 228,
				"height": 38
			},
			"tileFilter": {
				"timeframe": null,
				"managementZone": null
			},
			"markdown": "## [Duration](https://MyTenant/ui/user-sessions/query?sessionquery=select%20userid,%20useraction.duration%20as%20%22Funnel%20Click%20Path%20Duration%22%20from%20usersession%20where%20useraction.name%20%3D%20%22Step1%22%20and%20useraction.name%20%3D%20%22Step2%22%20and%20useraction.name%20%3D%20%22Step3%22%20and%20useraction.name%20%3D%20%22Step4%22%20and%20useraction.name%20%3D%20%22Step5%22%20and%20useraction.name%20%3D%20%22Step6%22%20and%20useraction.name%20%3D%20%22Step7%22%20and%20useraction.name%20%3D%20%22Step8%22%20and%20useraction.name%20%3D%20%22Step9%22%20and%20useraction.name%20%3D%20%22Step10%22%20and%20useraction.name%3D%22Step11%22%20order%20by%20useraction.duration%20desc&visualization=TABLE)"
		},
		{
			"name": "DTAQL",
			"tileType": "DTAQL",
			"configured": true,
			"bounds": {
				"top": 38,
				"left": 684,
				"width": 228,
				"height": 228
			},
			"tileFilter": {
				"timeframe": null,
				"managementZone": null
			},
			"customName": "\ud83d\ude12",
			"query": "select sum(usersession.totalErrorCount) as \"Errors\" from usersession where useraction.name = \"Step1\" and useraction.name = \"Step2\" and useraction.name =\"Step3\" and useraction.name =\"Step4\" and useraction.name =\"Step5\" and useraction.name =\"Step6\" and useraction.name =\"Step7\" and useraction.name =\"Step8\" and useraction.name =\"Step9\" and useraction.name =\"Step10\" and useraction.name=\"Step11\"",
			"type": "SINGLE_VALUE", "timeFrameShift": "-2h"
		},
		{
			"name": "DTAQL",
			"tileType": "DTAQL",
			"configured": true,
			"bounds": {
				"top": 304,
				"left": 684,
				"width": 228,
				"height": 228
			},
			"tileFilter": {
				"timeframe": null,
				"managementZone": null
			},
			"customName": "\ud83d\ude12",
			"query": "select sum(usersession.totalErrorCount) as \"Errors\" from usersession where useraction.name = \"Step1\" and useraction.name = \"Step2\" and useraction.name =\"Step3\" and useraction.name =\"Step4\" and useraction.name =\"Step5\" and useraction.name =\"Step6\" and useraction.name =\"Step7\" and useraction.name =\"Step8\" and useraction.name =\"Step9\" and useraction.name =\"Step10\" and useraction.name=\"Step11\" and useraction.name=\"Step12\"",
			"type": "SINGLE_VALUE", "timeFrameShift": "-2h"
		},
		{
			"name": "DTAQL",
			"tileType": "DTAQL",
			"configured": true,
			"bounds": {
				"top": 570,
				"left": 684,
				"width": 228,
				"height": 228
			},
			"tileFilter": {
				"timeframe": null,
				"managementZone": null
			},
			"customName": "\ud83d\ude12",
			"query": "select sum(usersession.totalErrorCount) as \"Errors\" from usersession where useraction.name = \"Step1\" and useraction.name = \"Step2\" and useraction.name =\"Step3\" and useraction.name =\"Step4\" and useraction.name =\"Step5\" and useraction.name =\"Step6\" and useraction.name =\"Step7\" and useraction.name =\"Step8\" and useraction.name =\"Step9\" and useraction.name =\"Step10\" and useraction.name=\"Step11\" and useraction.name!=\"Step12\"",
			"type": "SINGLE_VALUE", "timeFrameShift": "-2h"
		},
		{
			"name": "Markdown",
			"tileType": "MARKDOWN",
			"configured": true,
			"bounds": {
				"top": 266,
				"left": 684,
				"width": 228,
				"height": 38
			},
			"tileFilter": {
				"timeframe": null,
				"managementZone": null
			},
			"markdown": "## [Continue Errors](https://MyTenant/ui/user-sessions/query?sessionquery=select%20userid,%20totalErrorCount%20as%20%22Errors%22%20from%20usersession%20where%20useraction.name%20%3D%20%22Step1%22%20and%20useraction.name%20%3D%20%22Step2%22%20and%20useraction.name%20%3D%20%22Step3%22%20and%20useraction.name%20%3D%20%22Step4%22%20and%20useraction.name%20%3D%20%22Step5%22%20and%20useraction.name%20%3D%20%22Step6%22%20and%20useraction.name%20%3D%20%22Step7%22%20and%20useraction.name%20%3D%20%22Step8%22%20and%20useraction.name%20%3D%20%22Step9%22%20and%20useraction.name%20%3D%20%22Step10%22%20and%20useraction.name%3D%22Step11%22%20and%20useraction.name%3D%22Step12%22%20and%20totalErrorCount%3E0%20order%20by%20totalErrorCount%20desc&visualization=TABLE)"
		},
		{
			"name": "Markdown",
			"tileType": "MARKDOWN",
			"configured": true,
			"bounds": {
				"top": 532,
				"left": 684,
				"width": 228,
				"height": 38
			},
			"tileFilter": {
				"timeframe": null,
				"managementZone": null
			},
			"markdown": "## [Exit Errors](https://MyTenant/ui/user-sessions/query?sessionquery=select%20userid,%20totalErrorCount%20as%20%22Errors%22%20from%20usersession%20where%20useraction.name%20%3D%20%22Step1%22%20and%20useraction.name%20%3D%20%22Step2%22%20and%20useraction.name%20%3D%20%22Step3%22%20and%20useraction.name%20%3D%20%22Step4%22%20and%20useraction.name%20%3D%20%22Step5%22%20and%20useraction.name%20%3D%20%22Step6%22%20and%20useraction.name%20%3D%20%22Step7%22%20and%20useraction.name%20%3D%20%22Step8%22%20and%20useraction.name%20%3D%20%22Step9%22%20and%20useraction.name%20%3D%20%22Step10%22%20and%20useraction.name%3D%22Step11%22%20and%20useraction.name!%3D%22Step12%22%20and%20totalErrorCount%3E0%20order%20by%20totalErrorCount%20DESC&visualization=TABLE)"
		},
		{
			"name": "Markdown",
			"tileType": "MARKDOWN",
			"configured": true,
			"bounds": {
				"top": 0,
				"left": 684,
				"width": 228,
				"height": 38
			},
			"tileFilter": {
				"timeframe": null,
				"managementZone": null
			},
			"markdown": "## [Errors](https://MyTenant/ui/user-sessions/query?sessionquery=select%20UserId%20as%20%22User%22,%20totalErrorCount%20as%20%22Funnel%20Click%20Path%20Errors%22%20FROM%20usersession%20where%20useraction.name%20%3D%20%22Step1%22%20and%20useraction.name%20%3D%20%22Step2%22%20and%20useraction.name%20%3D%20%22Step3%22%20and%20useraction.name%20%3D%20%22Step4%22%20and%20useraction.name%20%3D%20%22Step5%22%20and%20useraction.name%20%3D%20%22Step6%22%20and%20useraction.name%20%3D%20%22Step7%22%20and%20useraction.name%20%3D%20%22Step8%22%20and%20useraction.name%20%3D%20%22Step9%22%20and%20useraction.name%20%3D%20%22Step10%22%20and%20useraction.name%20%3D%20%22Step11%22%20order%20by%20totalErrorCount%20desc&visualization=TABLE)"
		},
		{
			"name": "DTAQL",
			"tileType": "DTAQL",
			"configured": true,
			"bounds": {
				"top": 38,
				"left": 1026,
				"width": 228,
				"height": 228
			},
			"tileFilter": {
				"timeframe": null,
				"managementZone": null
			},
			"customName": "\ud83d\udc0c",
			"query": "select count(usersessionid) as \"Sessions\" from usersession where usersession.duration>180000 and useraction.name = \"Step1\" and useraction.name = \"Step2\" and useraction.name =\"Step3\" and useraction.name =\"Step4\" and useraction.name =\"Step5\" and useraction.name =\"Step6\" and useraction.name =\"Step7\" and useraction.name =\"Step8\" and useraction.name =\"Step9\" and useraction.name =\"Step10\" and useraction.name =\"Step11\" and userActionCount<10",
			"type": "SINGLE_VALUE", "timeFrameShift": "-2h"
		},
		{
			"name": "Markdown",
			"tileType": "MARKDOWN",
			"configured": true,
			"bounds": {
				"top": 266,
				"left": 1026,
				"width": 228,
				"height": 38
			},
			"tileFilter": {
				"timeframe": null,
				"managementZone": null
			},
			"markdown": "## [Continue NonEngaged](https://MyTenant/ui/user-sessions/query?sessionquerytileconfigid=55885bfd-7d70-450d-b0a6-8570fe60dd00&sessionquery=select%20userid%20from%20usersession%20WHERE%20usersession.duration%3E180000%20and%20useraction.name%20%3D%20%22Step1%22%20and%20useraction.name%20%3D%20%22Step2%22%20and%20useraction.name%20%3D%20%22Step3%22%20and%20useraction.name%20%3D%20%22Step4%22%20and%20useraction.name%20%3D%20%22Step5%22%20and%20useraction.name%20%3D%20%22Step6%22%20and%20useraction.name%20%3D%20%22Step7%22%20and%20useraction.name%20%3D%20%22Step8%22%20and%20useraction.name%20%3D%20%22Step9%22%20and%20useraction.name%20%3D%20%22Step10%22%20and%20useraction.name%20%3D%22Step11%22%20and%20useraction.name%20%3D%22Step12%22%20and%20userActionCount%3C10&visualization=TABLE)"
		},
		{
			"name": "Markdown",
			"tileType": "MARKDOWN",
			"configured": true,
			"bounds": {
				"top": 532,
				"left": 1026,
				"width": 228,
				"height": 38
			},
			"tileFilter": {
				"timeframe": null,
				"managementZone": null
			},
			"markdown": "## [Exit NonEngaged](https://MyTenant/ui/user-sessions/query?sessionquerytileconfigid=dd66617c-b601-44f6-982c-a871cc80b8a0&sessionquery=select%20userid%20from%20usersession%20WHERE%20usersession.duration%3E180000%20and%20useraction.name%20%3D%20%22Step1%22%20and%20useraction.name%20%3D%20%22Step2%22%20and%20useraction.name%20%3D%20%22Step3%22%20and%20useraction.name%20%3D%20%22Step4%22%20and%20useraction.name%20%3D%20%22Step5%22%20and%20useraction.name%20%3D%20%22Step6%22%20and%20useraction.name%20%3D%20%22Step7%22%20and%20useraction.name%20%3D%20%22Step8%22%20and%20useraction.name%20%3D%20%22Step9%22%20and%20useraction.name%20%3D%20%22Step10%22%20and%20useraction.name%20%3D%22Step11%22%20and%20useraction.name%20!%3D%22Step12%22%20and%20userActionCount%3C10&visualization=TABLE)"
		},
		{
			"name": "Markdown",
			"tileType": "MARKDOWN",
			"configured": true,
			"bounds": {
				"top": 0,
				"left": 1026,
				"width": 228,
				"height": 38
			},
			"tileFilter": {
				"timeframe": null,
				"managementZone": null
			},
			"markdown": "## [NonEngaged](https://MyTenant/ui/user-sessions/query?sessionquerytileconfigid=c4518621-1c74-46a3-9a81-2239272ec607&sessionquery=select%20userid%20from%20usersession%20WHERE%20usersession.duration%3E180000%20and%20useraction.name%20%3D%20%22Step1%22%20and%20useraction.name%20%3D%20%22Step2%22%20and%20useraction.name%20%3D%20%22Step3%22%20and%20useraction.name%20%3D%20%22Step4%22%20and%20useraction.name%20%3D%20%22Step5%22%20and%20useraction.name%20%3D%20%22Step6%22%20and%20useraction.name%20%3D%20%22Step7%22%20and%20useraction.name%20%3D%20%22Step8%22%20and%20useraction.name%20%3D%20%22Step9%22%20and%20useraction.name%20%3D%20%22Step10%22%20and%20useraction.name%20%3D%22Step11%22%20and%20userActionCount%3C10&visualization=TABLE)"
		},
		{
			"name": "DTAQL",
			"tileType": "DTAQL",
			"configured": true,
			"bounds": {
				"top": 38,
				"left": 1368,
				"width": 228,
				"height": 228
			},
			"tileFilter": {
				"timeframe": null,
				"managementZone": null
			},
			"customName": "\uD83D\uDE21",
			"query": "select sum(numberOfRageClicks) as \"Rages\" from usersession where  numberOfRageClicks>0 and useraction.name = \"Step1\" and useraction.name = \"Step2\" and useraction.name =\"Step3\" and useraction.name =\"Step4\" and useraction.name =\"Step5\" and useraction.name =\"Step6\" and useraction.name =\"Step7\" and useraction.name =\"Step8\" and useraction.name =\"Step9\" and useraction.name =\"Step10\" and useraction.name=\"Step11\"",
			"type": "SINGLE_VALUE", "timeFrameShift": "-2h"
		},
		{
			"name": "Markdown",
			"tileType": "MARKDOWN",
			"configured": true,
			"bounds": {
				"top": 266,
				"left": 1368,
				"width": 228,
				"height": 38
			},
			"tileFilter": {
				"timeframe": null,
				"managementZone": null
			},
			"markdown": "## [Continue Rage](https://MyTenant/ui/user-sessions/query?sessionquery=select%20userid,%20numberOfRageClicks%20as%20%22Rages%22%20from%20usersession%20where%20%20numberOfRageClicks%3E0%20and%20useraction.name%20%3D%20%22Step1%22%20and%20useraction.name%20%3D%20%22Step2%22%20and%20useraction.name%20%3D%20%22Step3%22%20and%20useraction.name%20%3D%20%22Step4%22%20and%20useraction.name%20%3D%20%22Step5%22%20and%20useraction.name%20%3D%20%22Step6%22%20and%20useraction.name%20%3D%20%22Step7%22%20and%20useraction.name%20%3D%20%22Step8%22%20and%20useraction.name%20%3D%20%22Step9%22%20and%20useraction.name%20%3D%20%22Step10%22%20and%20useraction.name%3D%22Step11%22%20and%20useraction.name%3D%22Step12%22&visualization=TABLE)"
		},
		{
			"name": "Markdown",
			"tileType": "MARKDOWN",
			"configured": true,
			"bounds": {
				"top": 532,
				"left": 1368,
				"width": 228,
				"height": 38
			},
			"tileFilter": {
				"timeframe": null,
				"managementZone": null
			},
			"markdown": "## [Exit Rage](https://MyTenant/ui/user-sessions/query?sessionquery=select%20userid,%20numberOfRageClicks%20as%20%22Rages%22%20from%20usersession%20where%20%20numberOfRageClicks%3E0%20and%20useraction.name%20%3D%20%22Step1%22%20and%20useraction.name%20%3D%20%22Step2%22%20and%20useraction.name%20%3D%20%22Step3%22%20and%20useraction.name%20%3D%20%22Step4%22%20and%20useraction.name%20%3D%20%22Step5%22%20and%20useraction.name%20%3D%20%22Step6%22%20and%20useraction.name%20%3D%20%22Step7%22%20and%20useraction.name%20%3D%20%22Step8%22%20and%20useraction.name%20%3D%20%22Step9%22%20and%20useraction.name%20%3D%20%22Step10%22%20and%20useraction.name%3D%22Step11%22%20and%20useraction.name!%3D%22Step12%22&visualization=TABLE)"
		},
		{
			"name": "Markdown",
			"tileType": "MARKDOWN",
			"configured": true,
			"bounds": {
				"top": 0,
				"left": 1558,
				"width": 114,
				"height": 38
			},
			"tileFilter": {
				"timeframe": null,
				"managementZone": null
			},
			"markdown": "## [Return](#dashboard;id=65312f05-ca6c-4896-b2b4-1bc8ce3da313)"
		},
		{
			"name": "DTAQL",
			"tileType": "DTAQL",
			"configured": true,
			"bounds": {
				"top": 304,
				"left": 1368,
				"width": 228,
				"height": 228
			},
			"tileFilter": {
				"timeframe": null,
				"managementZone": null
			},
			"customName": "\uD83D\uDE21",
			"query": "select sum(numberOfRageClicks) as \"Rages\" from usersession where  numberOfRageClicks>0 and useraction.name = \"Step1\" and useraction.name = \"Step2\" and useraction.name =\"Step3\" and useraction.name =\"Step4\" and useraction.name =\"Step5\" and useraction.name =\"Step6\" and useraction.name =\"Step7\" and useraction.name =\"Step8\" and useraction.name =\"Step9\" and useraction.name =\"Step10\" and useraction.name=\"Step11\" and useraction.name=\"Step12\"",
			"type": "SINGLE_VALUE", "timeFrameShift": "-2h"
		},
		{
			"name": "DTAQL",
			"tileType": "DTAQL",
			"configured": true,
			"bounds": {
				"top": 570,
				"left": 1368,
				"width": 228,
				"height": 228
			},
			"tileFilter": {
				"timeframe": null,
				"managementZone": null
			},
			"customName": "\uD83D\uDE21",
			"query": "select sum(numberOfRageClicks) as \"Rages\" from usersession where  numberOfRageClicks>0 and useraction.name = \"Step1\" and useraction.name = \"Step2\" and useraction.name =\"Step3\" and useraction.name =\"Step4\" and useraction.name =\"Step5\" and useraction.name =\"Step6\" and useraction.name =\"Step7\" and useraction.name =\"Step8\" and useraction.name =\"Step9\" and useraction.name =\"Step10\" and useraction.name=\"Step11\" and useraction.name!=\"Step12\"",
			"type": "SINGLE_VALUE", "timeFrameShift": "-2h"
		},
		{
			"name": "DTAQL",
			"tileType": "DTAQL",
			"configured": true,
			"bounds": {
				"top": 304,
				"left": 1026,
				"width": 228,
				"height": 228
			},
			"tileFilter": {
				"timeframe": null,
				"managementZone": null
			},
			"customName": "\ud83d\udc0c",
			"query": "select count(usersessionid) as \"Sessions\" from usersession where usersession.duration>180000 and useraction.name = \"Step1\" and useraction.name = \"Step2\" and useraction.name =\"Step3\" and useraction.name =\"Step4\" and useraction.name =\"Step5\" and useraction.name =\"Step6\" and useraction.name =\"Step7\" and useraction.name =\"Step8\" and useraction.name =\"Step9\" and useraction.name =\"Step10\" and useraction.name =\"Step11\" and useraction.name =\"Step12\" and userActionCount<10",
			"type": "SINGLE_VALUE", "timeFrameShift": "-2h"
		},
		{
			"name": "DTAQL",
			"tileType": "DTAQL",
			"configured": true,
			"bounds": {
				"top": 570,
				"left": 1026,
				"width": 228,
				"height": 228
			},
			"tileFilter": {
				"timeframe": null,
				"managementZone": null
			},
			"customName": "\ud83d\udc0c",
			"query": "select count(usersessionid) as \"Sessions\" from usersession where usersession.duration>180000 and useraction.name = \"Step1\" and useraction.name = \"Step2\" and useraction.name =\"Step3\" and useraction.name =\"Step4\" and useraction.name =\"Step5\" and useraction.name =\"Step6\" and useraction.name =\"Step7\" and useraction.name =\"Step8\" and useraction.name =\"Step9\" and useraction.name =\"Step10\" and useraction.name =\"Step11\" and useraction.name !=\"Step12\" and userActionCount<10",
			"type": "SINGLE_VALUE", "timeFrameShift": "-2h"
		},
		{
			"name": "Markdown",
			"tileType": "MARKDOWN",
			"configured": true,
			"bounds": {
				"top": 0,
				"left": 1368,
				"width": 190,
				"height": 38
			},
			"tileFilter": {
				"timeframe": null,
				"managementZone": null
			},
			"markdown": "## [Rage](https://MyTenant/ui/user-sessions/query?sessionquerytileconfigid=26ef21fb-156b-42f0-8220-9fd9becddb2a&sessionquery=select%20userid,%20numberOfRageClicks%20as%20%22Rages%22%20from%20usersession%20where%20%20numberOfRageClicks%3E0%20and%20useraction.name%20%3D%20%22Step1%22%20and%20useraction.name%20%3D%20%22Step2%22%20and%20useraction.name%20%3D%20%22Step3%22%20and%20useraction.name%20%3D%20%22Step4%22%20and%20useraction.name%20%3D%20%22Step5%22%20and%20useraction.name%20%3D%20%22Step6%22%20and%20useraction.name%20%3D%20%22Step7%22%20and%20useraction.name%20%3D%20%22Step8%22%20and%20useraction.name%20%3D%20%22Step9%22%20and%20useraction.name%20%3D%20%22Step10%22%20and%20useraction.name%3D%22Step11%22&visualization=TABLE)"
		}
	]
}
