﻿{
  "metadata": {
    "configurationVersions": [
      2
    ],
    "clusterVersion": "1.178.0.20190903-181950"
  },
  "id": "61b041e1-e4e0-4830-938b-a0e93e0f47e3",
  "dashboardMetadata": {
    "name": "Member Analysis",
    "shared": true,
    "owner": "techshadyjk@ruxitlabs.com",
    "sharingDetails": {
      "linkShared": true,
      "published": false
    },
    "dashboardFilter": {
      "timeframe": "l_2_HOURS",
      "managementZone": null
    }
  },
  "tiles": [
    {
      "name": "User Sessions Query",
      "tileType": "DTAQL",
      "configured": true,
      "bounds": {
        "top": 38,
        "left": 1368,
        "width": 266,
        "height": 152
      },
      "tileFilter": {
        "timeframe": null,
        "managementZone": null
      },
      "customName": "🥉",
      "query": "select count(distinct userSessionId) as \"Conversions\" FROM usersession where useraction.application=\"MyApp\" and\n\tstringProperties.memberstatus=\"Silver\" and useraction.name=\"Finish\" and\n\trevenueproperty>0\n",
      "type": "SINGLE_VALUE"
    },
    {
      "name": "DTAQL",
      "tileType": "DTAQL",
      "configured": true,
      "bounds": {
        "top": 38,
        "left": 1102,
        "width": 266,
        "height": 152
      },
      "tileFilter": {
        "timeframe": null,
        "managementZone": null
      },
      "customName": "🥈",
      "query": "select count(distinct userSessionId) as \"Conversions\" FROM usersession where useraction.application=\"MyApp\" and\n\tstringProperties.memberstatus=\"Gold\" and useraction.name=\"Finish\" and\n\trevenueproperty>0\n",
      "type": "SINGLE_VALUE"
    },
    {
      "name": "DTAQL",
      "tileType": "DTAQL",
      "configured": true,
      "bounds": {
        "top": 38,
        "left": 836,
        "width": 266,
        "height": 152
      },
      "tileFilter": {
        "timeframe": null,
        "managementZone": null
      },
      "customName": "🥇",
      "query": "select count(distinct userSessionId) as \"Conversions\" FROM usersession where useraction.application=\"MyApp\" and\n\tstringProperties.memberstatus=\"Platinum\" and useraction.name=\"Finish\" and\n\trevenueproperty>0\n",
      "type": "SINGLE_VALUE"
    },
    {
      "name": "User Sessions Query",
      "tileType": "DTAQL",
      "configured": true,
      "bounds": {
        "top": 494,
        "left": 0,
        "width": 380,
        "height": 266
      },
      "tileFilter": {
        "timeframe": null,
        "managementZone": null
      },
      "customName": "\ud83c\udfc1",
      "query": "SELECT stringProperties.memberstatus, sum(revenueproperty) FROM usersession where useraction.application=\"MyApp\" and useraction.name=\"Finish\" and stringProperties.memberstatus IS NOT NULL group by stringProperties.memberstatus order by sum(revenueproperty) desc",
      "type": "PIE_CHART"
    },
    {
      "name": "Markdown",
      "tileType": "MARKDOWN",
      "configured": true,
      "bounds": {
        "top": 0,
        "left": 836,
        "width": 266,
        "height": 38
      },
      "tileFilter": {
        "timeframe": null,
        "managementZone": null
      },
      "markdown": "## [Platinum Conversions](https://MyTenant/ui/user-sessions/query?sessionquery=select%20userId%20as%20%22User%22,%20revenueproperty%20as%20%22Revenue%22%20FROM%20usersession%20where%0A%09stringProperties.memberstatus%3D%22Platinum%22%20and%20useraction.name%3D%22Finish%22%20and%0A%09revenueproperty%3E0%20order%20by%20revenueproperty%20desc%0A&visualization=TABLE)"
    },
    {
      "name": "Markdown",
      "tileType": "MARKDOWN",
      "configured": true,
      "bounds": {
        "top": 0,
        "left": 1102,
        "width": 266,
        "height": 38
      },
      "tileFilter": {
        "timeframe": null,
        "managementZone": null
      },
      "markdown": "## [Gold Conversions](https://MyTenant/ui/user-sessions/query?sessionquery=select%20userId%20as%20\"User\",%20revenueproperty%20as%20\"Revenue\"%20FROM%20usersession%20where%0A%09stringProperties.memberstatus%3D\"Gold\"%20and%20useraction.name%3D\"Finish\"%20and%0A%09revenueproperty>0%20order%20by%20revenueproperty%20desc%0A&visualization=TABLE)"
    },
    {
      "name": "Markdown",
      "tileType": "MARKDOWN",
      "configured": true,
      "bounds": {
        "top": 0,
        "left": 1368,
        "width": 190,
        "height": 38
      },
      "tileFilter": {
        "timeframe": null,
        "managementZone": null
      },
      "markdown": "## [Silver Conversions](https://MyTenant/ui/user-sessions/query?sessionquery=select%20userId%20as%20%22User%22,%20revenueproperty%20as%20%22Revenue%22%20FROM%20usersession%20where%0A%09stringProperties.memberstatus%3D%22Silver%22%20and%20useraction.name%3D%22Finish%22%20and%0A%09revenueproperty%3E0%20order%20by%20revenueproperty%20desc%0A&visualization=TABLE)"
    },
    {
      "name": "DTAQL",
      "tileType": "DTAQL",
      "configured": true,
      "bounds": {
        "top": 494,
        "left": 836,
        "width": 380,
        "height": 266
      },
      "tileFilter": {
        "timeframe": null,
        "managementZone": null
      },
      "customName": "\ud83c\udfc1",
      "query": "SELECT stringProperties.memberstatus, count(userSessionId) FROM usersession where useraction.application=\"MyApp\" and useraction.name=\"Finish\" and stringProperties.memberstatus IS NOT NULL group by stringProperties.memberstatus order by count(userSessionId) desc",
      "type": "PIE_CHART"
    },
    {
      "name": "DTAQL",
      "tileType": "DTAQL",
      "configured": true,
      "bounds": {
        "top": 38,
        "left": 0,
        "width": 266,
        "height": 152
      },
      "tileFilter": {
        "timeframe": null,
        "managementZone": null
      },
      "customName": "🥇",
      "query": "select sum(revenueproperty) as \"Revenue\"  FROM usersession where useraction.application=\"MyApp\" and\n\tstringProperties.memberstatus=\"Platinum\" and useraction.name=\"Finish\" and\n\trevenueproperty>0\n",
      "type": "SINGLE_VALUE"
    },
    {
      "name": "DTAQL",
      "tileType": "DTAQL",
      "configured": true,
      "bounds": {
        "top": 38,
        "left": 266,
        "width": 266,
        "height": 152
      },
      "tileFilter": {
        "timeframe": null,
        "managementZone": null
      },
      "customName": "🥈",
      "query": "select sum(revenueproperty) as \"Revenue\"  FROM usersession where useraction.application=\"MyApp\" and\n\tstringProperties.memberstatus=\"Gold\" and useraction.name=\"Finish\" and\n\trevenueproperty>0\n",
      "type": "SINGLE_VALUE"
    },
    {
      "name": "DTAQL",
      "tileType": "DTAQL",
      "configured": true,
      "bounds": {
        "top": 38,
        "left": 532,
        "width": 266,
        "height": 152
      },
      "tileFilter": {
        "timeframe": null,
        "managementZone": null
      },
      "customName": "🥉",
      "query": "select sum(revenueproperty) as \"Revenue\"  FROM usersession where useraction.application=\"MyApp\" and\n\tstringProperties.memberstatus=\"Silver\" and useraction.name=\"Finish\" and\n\trevenueproperty>0\n",
      "type": "SINGLE_VALUE"
    },
    {
      "name": "Markdown",
      "tileType": "MARKDOWN",
      "configured": true,
      "bounds": {
        "top": 0,
        "left": 0,
        "width": 266,
        "height": 38
      },
      "tileFilter": {
        "timeframe": null,
        "managementZone": null
      },
      "markdown": "## [Platinum Revenue](https://MyTenant/ui/user-sessions/query?sessionquery=select%20userId%20as%20%22User%22,%20revenueproperty%20as%20%22Revenue%22%20FROM%20usersession%20where%0A%09stringProperties.memberstatus%3D%22Platinum%22%20and%20useraction.name%3D%22Finish%22%20and%0A%09revenueproperty%3E0%20order%20by%20revenueproperty%20desc%0A&visualization=TABLE)"
    },
    {
      "name": "Markdown",
      "tileType": "MARKDOWN",
      "configured": true,
      "bounds": {
        "top": 0,
        "left": 266,
        "width": 266,
        "height": 38
      },
      "tileFilter": {
        "timeframe": null,
        "managementZone": null
      },
      "markdown": "## [Gold Revenue](https://MyTenant/ui/user-sessions/query?sessionquery=select%20userId%20as%20\"User\",%20revenueproperty%20as%20\"Revenue\"%20FROM%20usersession%20where%0A%09stringProperties.memberstatus%3D\"Gold\"%20and%20useraction.name%3D\"Finish\"%20and%0A%09revenueproperty>0%20order%20by%20revenueproperty%20desc%0A&visualization=TABLE)"
    },
    {
      "name": "Markdown",
      "tileType": "MARKDOWN",
      "configured": true,
      "bounds": {
        "top": 0,
        "left": 532,
        "width": 266,
        "height": 38
      },
      "tileFilter": {
        "timeframe": null,
        "managementZone": null
      },
      "markdown": "## [Silver Revenue](https://MyTenant/ui/user-sessions/query?sessionquery=select%20userId%20as%20%22User%22,%20revenueproperty%20as%20%22Revenue%22%20FROM%20usersession%20where%0A%09stringProperties.memberstatus%3D%22Silver%22%20and%20useraction.name%3D%22Finish%22%20and%0A%09revenueproperty%3E0%20order%20by%20revenueproperty%20desc%0A&visualization=TABLE)"
    },
    {
      "name": "DTAQL",
      "tileType": "DTAQL",
      "configured": true,
      "bounds": {
        "top": 266,
        "left": 0,
        "width": 266,
        "height": 152
      },
      "tileFilter": {
        "timeframe": null,
        "managementZone": null
      },
      "customName": "🥇",
      "query": "select sum(revenueproperty) as \"Lost Revenue\"  FROM usersession where useraction.application=\"MyApp\" and\n\tstringProperties.memberstatus=\"Platinum\" and useraction.name!=\"Finish\" and\n\trevenueproperty>0\n",
      "type": "SINGLE_VALUE"
    },
    {
      "name": "DTAQL",
      "tileType": "DTAQL",
      "configured": true,
      "bounds": {
        "top": 266,
        "left": 266,
        "width": 266,
        "height": 152
      },
      "tileFilter": {
        "timeframe": null,
        "managementZone": null
      },
      "customName": "🥈",
      "query": "select sum(revenueproperty) as \"Lost Revenue\"  FROM usersession where useraction.application=\"MyApp\" and\n\tstringProperties.memberstatus=\"Gold\" and useraction.name!=\"Finish\" and\n\trevenueproperty>0\n",
      "type": "SINGLE_VALUE"
    },
    {
      "name": "DTAQL",
      "tileType": "DTAQL",
      "configured": true,
      "bounds": {
        "top": 266,
        "left": 532,
        "width": 266,
        "height": 152
      },
      "tileFilter": {
        "timeframe": null,
        "managementZone": null
      },
      "customName": "🥉",
      "query": "select sum(revenueproperty) as \"Lost Revenue\"  FROM usersession where useraction.application=\"MyApp\" and\n\tstringProperties.memberstatus=\"Silver\" and useraction.name!=\"Finish\" and\n\trevenueproperty>0\n",
      "type": "SINGLE_VALUE"
    },
    {
      "name": "DTAQL",
      "tileType": "DTAQL",
      "configured": true,
      "bounds": {
        "top": 266,
        "left": 836,
        "width": 266,
        "height": 152
      },
      "tileFilter": {
        "timeframe": null,
        "managementZone": null
      },
      "customName": "🥇",
      "query": "select count(distinct userSessionId) as \"Abandons\" FROM usersession where useraction.application=\"MyApp\" and\n\tstringProperties.memberstatus=\"Platinum\" and useraction.name!=\"Finish\" and\n\trevenueproperty>0\n",
      "type": "SINGLE_VALUE"
    },
    {
      "name": "DTAQL",
      "tileType": "DTAQL",
      "configured": true,
      "bounds": {
        "top": 266,
        "left": 1102,
        "width": 266,
        "height": 152
      },
      "tileFilter": {
        "timeframe": null,
        "managementZone": null
      },
      "customName": "🥈",
      "query": "select count(distinct userSessionId) as \"Abandons\" FROM usersession where useraction.application=\"MyApp\" and\n\tstringProperties.memberstatus=\"Gold\" and useraction.name!=\"Finish\" and\n\trevenueproperty>0\n",
      "type": "SINGLE_VALUE"
    },
    {
      "name": "User Sessions Query",
      "tileType": "DTAQL",
      "configured": true,
      "bounds": {
        "top": 266,
        "left": 1368,
        "width": 266,
        "height": 152
      },
      "tileFilter": {
        "timeframe": null,
        "managementZone": null
      },
      "customName": "🥉",
      "query": "select count(distinct userSessionId) as \"Abandons\" FROM usersession where useraction.application=\"MyApp\" and\n\tstringProperties.memberstatus=\"Silver\" and useraction.name!=\"Finish\" and\n\trevenueproperty>0\n",
      "type": "SINGLE_VALUE"
    },
    {
      "name": "User Sessions Query",
      "tileType": "DTAQL",
      "configured": true,
      "bounds": {
        "top": 494,
        "left": 418,
        "width": 380,
        "height": 266
      },
      "tileFilter": {
        "timeframe": null,
        "managementZone": null
      },
      "customName": "\ud83c\udfc1",
      "query": "SELECT stringProperties.memberstatus, sum(revenueproperty) FROM usersession where useraction.application=\"MyApp\" and useraction.name!=\"Finish\" and stringProperties.memberstatus IS NOT NULL group by stringProperties.memberstatus order by sum(revenueproperty) desc",
      "type": "PIE_CHART"
    },
    {
      "name": "Markdown",
      "tileType": "MARKDOWN",
      "configured": true,
      "bounds": {
        "top": 228,
        "left": 0,
        "width": 266,
        "height": 38
      },
      "tileFilter": {
        "timeframe": null,
        "managementZone": null
      },
      "markdown": "## [Platinum Lost Revenue](https://MyTenant/ui/user-sessions/query?sessionquery=select%20userId%20as%20%22User%22,%20revenueproperty%20as%20%22Lost%20Revenue%22%20FROM%20usersession%20where%0A%09stringProperties.memberstatus%3D%22Platinum%22%20and%20useraction.name!%3D%22Finish%22%20and%0A%09revenueproperty%3E0%20order%20by%20revenueproperty%20desc%0A&visualization=TABLE)"
    },
    {
      "name": "DTAQL",
      "tileType": "DTAQL",
      "configured": true,
      "bounds": {
        "top": 494,
        "left": 1254,
        "width": 380,
        "height": 266
      },
      "tileFilter": {
        "timeframe": null,
        "managementZone": null
      },
      "customName": "\ud83d\udcb0",
      "query": "SELECT stringProperties.memberstatus, count(userSessionId) FROM usersession where useraction.application=\"MyApp\" and useraction.name!=\"Finish\" and stringProperties.memberstatus IS NOT NULL group by stringProperties.memberstatus order by count(userSessionId) desc",
      "type": "PIE_CHART"
    },
    {
      "name": "Markdown",
      "tileType": "MARKDOWN",
      "configured": true,
      "bounds": {
        "top": 228,
        "left": 266,
        "width": 266,
        "height": 38
      },
      "tileFilter": {
        "timeframe": null,
        "managementZone": null
      },
      "markdown": "## [Gold Lost Revenue](https://MyTenant/ui/user-sessions/query?sessionquery=select%20userId%20as%20%22User%22,%20revenueproperty%20as%20%22Lost%20Revenue%22%20FROM%20usersession%20where%0A%09stringProperties.memberstatus%3D%22Gold%22%20and%20useraction.name!%3D%22Finish%22%20and%0A%09revenueproperty%3E0%20order%20by%20revenueproperty%20desc%0A&visualization=TABLE)"
    },
    {
      "name": "Markdown",
      "tileType": "MARKDOWN",
      "configured": true,
      "bounds": {
        "top": 228,
        "left": 532,
        "width": 266,
        "height": 38
      },
      "tileFilter": {
        "timeframe": null,
        "managementZone": null
      },
      "markdown": "## [Silver Lost Revenue](https://MyTenant/ui/user-sessions/query?sessionquery=select%20userId%20as%20%22User%22,%20revenueproperty%20as%20%22Lost%20Revenue%22%20FROM%20usersession%20where%0A%09stringProperties.memberstatus%3D%22Silver%22%20and%20useraction.name!%3D%22Finish%22%20and%0A%09revenueproperty%3E0%20order%20by%20revenueproperty%20desc%0A&visualization=TABLE&visualization=TABLE)"
    },
    {
      "name": "Markdown",
      "tileType": "MARKDOWN",
      "configured": true,
      "bounds": {
        "top": 228,
        "left": 836,
        "width": 266,
        "height": 38
      },
      "tileFilter": {
        "timeframe": null,
        "managementZone": null
      },
      "markdown": "## [Platinum Abandons](https://MyTenant/ui/user-sessions/query?sessionquery=select%20userId%20as%20%22User%22,%20revenueproperty%20as%20%22Lost%20Revenue%22%20FROM%20usersession%20where%0A%09stringProperties.memberstatus%3D%22Platinum%22%20and%20useraction.name!%3D%22Finish%22%20and%0A%09revenueproperty%3E0%20order%20by%20revenueproperty%20desc%0A&visualization=TABLE)"
    },
    {
      "name": "Markdown",
      "tileType": "MARKDOWN",
      "configured": true,
      "bounds": {
        "top": 228,
        "left": 1102,
        "width": 266,
        "height": 38
      },
      "tileFilter": {
        "timeframe": null,
        "managementZone": null
      },
      "markdown": "## [Gold Abandons](https://MyTenant/ui/user-sessions/query?sessionquery=select%20userId%20as%20%22User%22,%20revenueproperty%20as%20%22Lost%20Revenue%22%20FROM%20usersession%20where%0A%09stringProperties.memberstatus%3D%22Gold%22%20and%20useraction.name!%3D%22Finish%22%20and%0A%09revenueproperty%3E0%20order%20by%20revenueproperty%20desc%0A&visualization=TABLE)"
    },
    {
      "name": "Markdown",
      "tileType": "MARKDOWN",
      "configured": true,
      "bounds": {
        "top": 228,
        "left": 1368,
        "width": 190,
        "height": 38
      },
      "tileFilter": {
        "timeframe": null,
        "managementZone": null
      },
      "markdown": "## [Silver Abandons](https://MyTenant/ui/user-sessions/query?sessionquery=select%20userId%20as%20%22User%22,%20revenueproperty%20as%20%22Lost%20Revenue%22%20FROM%20usersession%20where%0A%09stringProperties.memberstatus%3D%22Silver%22%20and%20useraction.name!%3D%22Finish%22%20and%0A%09revenueproperty%3E0%20order%20by%20revenueproperty%20desc%0A&visualization=TABLE&visualization=TABLE)"
    },
    {
      "name": "Markdown",
      "tileType": "MARKDOWN",
      "configured": true,
      "bounds": {
        "top": 456,
        "left": 0,
        "width": 380,
        "height": 38
      },
      "tileFilter": {
        "timeframe": null,
        "managementZone": null
      },
      "markdown": "## [Revenue by Member Status](https://MyTenant/ui/user-sessions/query?sessionquery=select%20userId%20as%20%22User%22,%20stringProperties.memberstatus%20as%20%22Member%20Status%22,%20revenueproperty%20as%20%22Revenue%22%20FROM%20usersession%20where%0A%09stringProperties.memberstatus%20in%20(%22Platinum%22,%20%22Gold%22,%20%22Silver%22)%20and%20useraction.name%3D%22Finish%22%20and%0A%09revenueproperty%3E0%20order%20by%20revenueproperty%20desc%0A&&visualization=TABLE)"
    },
    {
      "name": "Markdown",
      "tileType": "MARKDOWN",
      "configured": true,
      "bounds": {
        "top": 456,
        "left": 836,
        "width": 380,
        "height": 38
      },
      "tileFilter": {
        "timeframe": null,
        "managementZone": null
      },
      "markdown": "## [Conversions by Member Status](https://MyTenant/ui/user-sessions/query?sessionquery=select%20userId%20as%20%22User%22,%20revenueproperty%20as%20%22Revenue%22%20FROM%20usersession%20where%0A%09stringProperties.memberstatus%20in%20(%22Platinum%22,%20%22Gold%22,%20%22Silver%22)%20and%20useraction.name%3D%22Finish%22%20and%0A%09revenueproperty%3E0%20order%20by%20revenueproperty%20desc%0A&visualization=TABLE)"
    },
    {
      "name": "Markdown",
      "tileType": "MARKDOWN",
      "configured": true,
      "bounds": {
        "top": 456,
        "left": 418,
        "width": 380,
        "height": 38
      },
      "tileFilter": {
        "timeframe": null,
        "managementZone": null
      },
      "markdown": "## [Lost Revenue by Member Status](https://MyTenant/ui/user-sessions/query?sessionquery=select%20userId%20as%20%22User%22,%20stringProperties.memberstatus%20as%20%22Member%20Status%22,%20revenueproperty%20as%20%22Lost%20Revenue%22%20FROM%20usersession%20where%0A%09stringProperties.memberstatus%20in%20(%22Platinum%22,%20%22Gold%22,%20%22Silver%22)%20and%20useraction.name!%3D%22Finish%22%20and%0A%09revenueproperty%3E0%20order%20by%20revenueproperty%20desc%0A&visualization=TABLE)"
    },
    {
      "name": "Markdown",
      "tileType": "MARKDOWN",
      "configured": true,
      "bounds": {
        "top": 456,
        "left": 1254,
        "width": 380,
        "height": 38
      },
      "tileFilter": {
        "timeframe": null,
        "managementZone": null
      },
      "markdown": "## [Abandons by Member Status](https://MyTenant/ui/user-sessions/query?sessionquery=select%20userId%20as%20%22User%22,%20stringProperties.memberstatus%20as%20%22Member%20Status%22,%20revenueproperty%20as%20%22Lost%20Revenue%22%20FROM%20usersession%20where%0A%09stringProperties.memberstatus%20in%20(%22Platinum%22,%20%22Gold%22,%20%22Silver%22)%20and%20useraction.name!%3D%22Finish%22%20and%0A%09revenueproperty%3E0%20order%20by%20revenueproperty%20desc%0A&visualization=TABLE)"
    },
    {
      "name": "Markdown",
      "tileType": "MARKDOWN",
      "configured": true,
      "bounds": {
        "top": 0,
        "left": 1558,
        "width": 152,
        "height": 38
      },
      "tileFilter": {
        "timeframe": null,
        "managementZone": null
      },
      "markdown": "## [Return](#dashboard;id=6e481cc8-bea9-46ba-b1f8-23ebcc1da313)"
    },
    {
      "name": "Markdown",
      "tileType": "MARKDOWN",
      "configured": true,
      "bounds": {
        "top": 0,
        "left": 1558,
        "width": 152,
        "height": 38
      },
      "tileFilter": {
        "timeframe": null,
        "managementZone": null
      },
      "markdown": "## [Return](#dashboard;id=6e481cc8-bea9-46ba-b1f8-23ebcc1da313)"
    }
  ]
}