﻿{
  "metadata": {
    "configurationVersions": [
      2
    ],
    "clusterVersion": "1.176.0.20190806-212210"
  },
  "id": "834e194e-a9bc-406a-9696-40afcc0da313",
  "dashboardMetadata": {
    "name": "\ud83d\udcb2 Risk Revenue Analysis",
    "shared": true,
    "owner": "MyEmail",
    "sharingDetails": {
      "linkShared": true,
      "published": true
    },
    "dashboardFilter": {
      "timeframe": "l_2_HOURS",
      "managementZone": null
    }
  },
  "tiles": [
    {
      "name": "DTAQL",
      "tileType": "DTAQL",
      "configured": true,
      "bounds": {
        "top": 76,
        "left": 0,
        "width": 304,
        "height": 228
      },
      "tileFilter": {
        "timeframe": null,
        "managementZone": null
      },
      "customName": "\ud83d\ude0a",
      "query": "select sum(revenueproperty) as \"Revenue\" FROM usersession where useraction.application=\"MyApp\" and useraction.name = \"LastStep\"",
      "type": "SINGLE_VALUE", "timeFrameShift": "-2h"
    },
    {
      "name": "DTAQL",
      "tileType": "DTAQL",
      "configured": true,
      "bounds": {
        "top": 76,
        "left": 304,
        "width": 304,
        "height": 228
      },
      "tileFilter": {
        "timeframe": null,
        "managementZone": null
      },
      "customName": "\ud83d\ude1f",
      "query": "select sum(revenueproperty) as \"Risk Revenue\" FROM usersession where useraction.application=\"MyApp\" and useraction.name = \"LastStep\" and userExperienceScore!=\"SATISFIED\"",
      "type": "SINGLE_VALUE", "timeFrameShift": "-2h"
    },
    {
      "name": "DTAQL",
      "tileType": "DTAQL",
      "configured": true,
      "bounds": {
        "top": 76,
        "left": 608,
        "width": 304,
        "height": 228
      },
      "tileFilter": {
        "timeframe": null,
        "managementZone": null
      },
      "customName": "\ud83d\ude22",
      "query": "select sum(revenueproperty) as \"Lost Revenue\" FROM usersession where useraction.application=\"MyApp\" and useraction.name != \"LastStep\"",
      "type": "SINGLE_VALUE", "timeFrameShift": "-2h"
    },
    {
      "name": "DTAQL",
      "tileType": "DTAQL",
      "configured": true,
      "bounds": {
        "top": 380,
        "left": 0,
        "width": 1520,
        "height": 456
      },
      "tileFilter": {
        "timeframe": null,
        "managementZone": null
      },
      "customName": "\ud83d\ude1f",
      "query": "select DISTINCT DATETIME(starttime, \"HH:mm\", \"10m\") as \"Time\", sum(revenueproperty) as \"Risk Revenue\" FROM usersession where useraction.application=\"MyApp\" and useraction.name = \"LastStep\"  and userExperienceScore!=\"SATISFIED\"",
      "type": "COLUMN_CHART"
    },
    {
      "name": "Markdown",
      "tileType": "MARKDOWN",
      "configured": true,
      "bounds": {
        "top": 38,
        "left": 0,
        "width": 304,
        "height": 38
      },
      "tileFilter": {
        "timeframe": null,
        "managementZone": null
      },
      "markdown": "## [Revenue](https://MyTenant/ui/user-sessions/query?sessionquery=select%20userid%20as%20%22User%22,%20revenueproperty%20as%20%22Revenue%22%20FROM%20usersession%20where%20useraction.name%20%3D%20%22LastStep%22%20and%20revenueproperty%3E0%20order%20by%20revenueproperty%20DESC&visualization=TABLE)"
    },
    {
      "name": "Markdown",
      "tileType": "MARKDOWN",
      "configured": true,
      "bounds": {
        "top": 38,
        "left": 304,
        "width": 304,
        "height": 38
      },
      "tileFilter": {
        "timeframe": null,
        "managementZone": null
      },
      "markdown": "## [Risk Revenue](https://MyTenant/ui/user-sessions/query?sessionquery=select%20userid%20as%20%22User%22,%20revenueproperty%20as%20%22Risk%20Revenue%22%20FROM%20usersession%20where%20useraction.name%20%3D%20%22LastStep%22%20and%20userExperienceScore!%3D%22SATISFIED%22%20and%20revenueproperty%3E0%20order%20by%20revenueproperty%20DESC&visualization=TABLE)"
    },
    {
      "name": "Markdown",
      "tileType": "MARKDOWN",
      "configured": true,
      "bounds": {
        "top": 38,
        "left": 608,
        "width": 304,
        "height": 38
      },
      "tileFilter": {
        "timeframe": null,
        "managementZone": null
      },
      "markdown": "## [Lost Revenue](https://MyTenant/ui/user-sessions/query?sessionquery=select%20userid%20as%20%22User%22,%20revenueproperty%20as%20%22Lost%20Revenue%22%20FROM%20usersession%20where%20useraction.name%20!%3D%20%22LastStep%22%20and%20revenueproperty%3E0%20order%20by%20revenueproperty%20DESC&visualization=TABLE)"
    },
    {
      "name": "Markdown",
      "tileType": "MARKDOWN",
      "configured": true,
      "bounds": {
        "top": 0,
        "left": 1520,
        "width": 152,
        "height": 38
      },
      "tileFilter": {
        "timeframe": null,
        "managementZone": null
      },
      "markdown": "## [Return](#dashboard;id=6e481cc8-bea9-46ba-b1f8-23ebcc1da313)"
    },
    {
      "name": "DTAQL",
      "tileType": "DTAQL",
      "configured": true,
      "bounds": {
        "top": 76,
        "left": 912,
        "width": 304,
        "height": 228
      },
      "tileFilter": {
        "timeframe": null,
        "managementZone": null
      },
      "customName": "\ud83d\ude1f",
      "query": "select sum(revenueproperty) as \"Revenue\" FROM usersession where useraction.application=\"MyApp\" and useraction.name = \"LastStep\" and newUser=true and userExperienceScore!=\"SATISFIED\"",
      "type": "SINGLE_VALUE", "timeFrameShift": "-2h"
    },
    {
      "name": "DTAQL",
      "tileType": "DTAQL",
      "configured": true,
      "bounds": {
        "top": 76,
        "left": 1216,
        "width": 304,
        "height": 228
      },
      "tileFilter": {
        "timeframe": null,
        "managementZone": null
      },
      "customName": "\ud83d\ude1f",
      "query": "select sum(revenueproperty) as \"Revenue\" FROM usersession where useraction.application=\"MyApp\" and useraction.name = \"LastStep\" and newUser=false and userExperienceScore!=\"SATISFIED\"",
      "type": "SINGLE_VALUE", "timeFrameShift": "-2h"
    },
    {
      "name": "Markdown",
      "tileType": "MARKDOWN",
      "configured": true,
      "bounds": {
        "top": 38,
        "left": 912,
        "width": 304,
        "height": 38
      },
      "tileFilter": {
        "timeframe": null,
        "managementZone": null
      },
      "markdown": "## [New User Risk Revenue](https://MyTenant/ui/user-sessions/query?sessionquery=select%20userid%20as%20%22User%22,%20revenueproperty%20as%20%22Revenue%22%20FROM%20usersession%20where%20useraction.name%20%3D%20%22LastStep%22%20and%20revenueproperty%3E0%20%20and%20newUser%3Dtrue%20and%20userExperienceScore!%3D%22SATISFIED%22%20order%20by%20revenueproperty%20DESC&visualization=TABLE)"
    },
    {
      "name": "Markdown",
      "tileType": "MARKDOWN",
      "configured": true,
      "bounds": {
        "top": 38,
        "left": 1216,
        "width": 304,
        "height": 38
      },
      "tileFilter": {
        "timeframe": null,
        "managementZone": null
      },
      "markdown": "## [Returning User Risk Revenue](https://MyTenant/ui/user-sessions/query?sessionquery=select%20userid%20as%20%22User%22,%20revenueproperty%20as%20%22Revenue%22%20FROM%20usersession%20where%20useraction.name%20%3D%20%22LastStep%22%20and%20revenueproperty%3E0%20%20and%20newUser%3Dfalse%20and%20userExperienceScore!%3D%22SATISFIED%22%20order%20by%20revenueproperty%20DESC&visualization=TABLE)"
    },
    {
      "name": "Risk Revenue Over Time",
      "tileType": "HEADER",
      "configured": true,
      "bounds": {
        "top": 342,
        "left": 0,
        "width": 304,
        "height": 38
      },
      "tileFilter": {
        "timeframe": null,
        "managementZone": null
      }
    },
    {
      "name": "Markdown",
      "tileType": "MARKDOWN",
      "configured": true,
      "bounds": {
        "top": 342,
        "left": 304,
        "width": 304,
        "height": 38
      },
      "tileFilter": {
        "timeframe": null,
        "managementZone": null
      },
      "markdown": "## [Revenue](#dashboard;id=f8c73b94-d5ef-4cbf-bcb8-d866c91da313)"
    },
    {
      "name": "Markdown",
      "tileType": "MARKDOWN",
      "configured": true,
      "bounds": {
        "top": 342,
        "left": 608,
        "width": 304,
        "height": 38
      },
      "tileFilter": {
        "timeframe": null,
        "managementZone": null
      },
      "markdown": "## [Lost Revenue](#dashboard;id=361e6756-3227-43bb-9fdd-69305feda313)"
    }
  ]
}
