{
  "metadata": {
    "configurationVersions": [
      2
    ],
    "clusterVersion": "1.179.0.20190920-202022"
  },
  "id": "fbe8d3b1-ccb9-480c-9e5d-0e1b8b4da313",
  "dashboardMetadata": {
    "name": "\ud83d\ude80 Tenant Overview",
    "shared": true,
    "owner": "MyEmail",
    "sharingDetails": {
      "linkShared": true,
      "published": true
    },
    "dashboardFilter": {
      "timeframe": "l_2_HOURS",
      "managementZone": null
    }
  },
  "tiles": [
    {
      "name": "User Sessions Query",
      "tileType": "DTAQL",
      "configured": true,
      "bounds": {
        "top": 608,
        "left": 0,
        "width": 266,
        "height": 152
      },
      "tileFilter": {
        "timeframe": null,
        "managementZone": null
      },
      "customName": "Satisfied Users",
      "query": "select count(usersessionid) as \"Sessions\" from usersession where userExperienceScore=\"SATISFIED\"",
      "type": "SINGLE_VALUE",
      "timeFrameShift": "-2h"
    },
    {
      "name": "DTAQL",
      "tileType": "DTAQL",
      "configured": true,
      "bounds": {
        "top": 608,
        "left": 266,
        "width": 266,
        "height": 152
      },
      "tileFilter": {
        "timeframe": null,
        "managementZone": null
      },
      "customName": "Tolerated Users",
      "query": "select count(usersessionid) as \"Sessions\" from usersession where userExperienceScore=\"TOLERATED\"",
      "type": "SINGLE_VALUE",
      "timeFrameShift": "-2h"
    },
    {
      "name": "DTAQL",
      "tileType": "DTAQL",
      "configured": true,
      "bounds": {
        "top": 608,
        "left": 532,
        "width": 266,
        "height": 152
      },
      "tileFilter": {
        "timeframe": null,
        "managementZone": null
      },
      "customName": "Frustrated Users",
      "query": "select count(usersessionid) as \"Sessions\" from usersession where userExperienceScore=\"FRUSTRATED\"",
      "type": "SINGLE_VALUE",
      "timeFrameShift": "-2h"
    },
    {
      "name": "User Sessions Query",
      "tileType": "DTAQL",
      "configured": true,
      "bounds": {
        "top": 304,
        "left": 0,
        "width": 532,
        "height": 304
      },
      "tileFilter": {
        "timeframe": null,
        "managementZone": null
      },
      "customName": "Duration",
      "query": "select DISTINCT DATETIME(starttime, \"HH:mm\", \"10m\") as \"Time\", AVG(duration) as \"Duration\" from useraction",
      "type": "COLUMN_CHART"
    },
    {
      "name": "User Sessions Query",
      "tileType": "DTAQL",
      "configured": true,
      "bounds": {
        "top": 304,
        "left": 570,
        "width": 532,
        "height": 304
      },
      "tileFilter": {
        "timeframe": null,
        "managementZone": null
      },
      "customName": "Visually Complete",
      "query": "select DISTINCT DATETIME(starttime, \"HH:mm\", \"10m\") as \"Time\", AVG(visuallyCompleteTime) as \"Visually Complete\" from useraction",
      "type": "COLUMN_CHART"
    },
    {
      "name": "User Sessions Query",
      "tileType": "DTAQL",
      "configured": true,
      "bounds": {
        "top": 304,
        "left": 1140,
        "width": 532,
        "height": 304
      },
      "tileFilter": {
        "timeframe": null,
        "managementZone": null
      },
      "customName": "Speed Index",
      "query": "select DISTINCT DATETIME(starttime, \"HH:mm\", \"10m\") as \"Time\", AVG(speedIndex) as \"Speed Index\" from useraction",
      "type": "COLUMN_CHART"
    },
    {
      "name": "User Sessions Query",
      "tileType": "DTAQL",
      "configured": true,
      "bounds": {
        "top": 608,
        "left": 874,
        "width": 266,
        "height": 152
      },
      "tileFilter": {
        "timeframe": null,
        "managementZone": null
      },
      "customName": "Duration",
      "query": "select PERCENTILE(duration,90) as \"90th Percentile\" from useraction",
      "type": "SINGLE_VALUE",
      "timeFrameShift": "-2h"
    },
    {
      "name": "User Sessions Query",
      "tileType": "DTAQL",
      "configured": true,
      "bounds": {
        "top": 608,
        "left": 1140,
        "width": 266,
        "height": 152
      },
      "tileFilter": {
        "timeframe": null,
        "managementZone": null
      },
      "customName": "Visually Complete",
      "query": "select PERCENTILE(visuallyCompleteTime,90) as \"90th Percentile\" from useraction",
      "type": "SINGLE_VALUE",
      "timeFrameShift": "-2h"
    },
    {
      "name": "User Sessions Query",
      "tileType": "DTAQL",
      "configured": true,
      "bounds": {
        "top": 608,
        "left": 1406,
        "width": 266,
        "height": 152
      },
      "tileFilter": {
        "timeframe": null,
        "managementZone": null
      },
      "customName": "Speed Index",
      "query": "select PERCENTILE(speedIndex,90) as \"90th Percentile\" from useraction",
      "type": "SINGLE_VALUE",
      "timeFrameShift": "-2h"
    },
    {
      "name": "Markdown",
      "tileType": "MARKDOWN",
      "configured": true,
      "bounds": {
        "top": 760,
        "left": 0,
        "width": 266,
        "height": 38
      },
      "tileFilter": {
        "timeframe": null,
        "managementZone": null
      },
      "markdown": "## [MyApp Overview](#dashboard;id=fbe8d3b1-ccb9-480c-9e5d-0e1b8b3da313)"
    },
    {
      "name": "Markdown",
      "tileType": "MARKDOWN",
      "configured": true,
      "bounds": {
        "top": 760,
        "left": 266,
        "width": 266,
        "height": 38
      },
      "tileFilter": {
        "timeframe": null,
        "managementZone": null
      },
      "markdown": "## [2 Logs](#logmonitoring)"
    },
    {
      "name": "Markdown",
      "tileType": "MARKDOWN",
      "configured": true,
      "bounds": {
        "top": 760,
        "left": 532,
        "width": 266,
        "height": 38
      },
      "tileFilter": {
        "timeframe": null,
        "managementZone": null
      },
      "markdown": "## [3 Smartscape](#smartscape)"
    },
    {
      "name": "Markdown",
      "tileType": "MARKDOWN",
      "configured": true,
      "bounds": {
        "top": 760,
        "left": 874,
        "width": 266,
        "height": 38
      },
      "tileFilter": {
        "timeframe": null,
        "managementZone": null
      },
      "markdown": "## [4 Diagnostics](#diagnostictools)"
    },
    {
      "name": "Markdown",
      "tileType": "MARKDOWN",
      "configured": true,
      "bounds": {
        "top": 760,
        "left": 1140,
        "width": 266,
        "height": 38
      },
      "tileFilter": {
        "timeframe": null,
        "managementZone": null
      },
      "markdown": "## [5 Services](#newservices)"
    },
    {
      "name": "Markdown",
      "tileType": "MARKDOWN",
      "configured": true,
      "bounds": {
        "top": 760,
        "left": 1406,
        "width": 266,
        "height": 38
      },
      "tileFilter": {
        "timeframe": null,
        "managementZone": null
      },
      "markdown": "## [6 Databases](#newdatabases)"
    },
    {
      "name": "Markdown",
      "tileType": "MARKDOWN",
      "configured": true,
      "bounds": {
        "top": 798,
        "left": 0,
        "width": 266,
        "height": 38
      },
      "tileFilter": {
        "timeframe": null,
        "managementZone": null
      },
      "markdown": "## [7 Hosts](#newhosts)"
    },
    {
      "name": "Markdown",
      "tileType": "MARKDOWN",
      "configured": true,
      "bounds": {
        "top": 798,
        "left": 266,
        "width": 266,
        "height": 38
      },
      "tileFilter": {
        "timeframe": null,
        "managementZone": null
      },
      "markdown": "## [8 Technologies](#newprocessessummary)"
    },
    {
      "name": "Markdown",
      "tileType": "MARKDOWN",
      "configured": true,
      "bounds": {
        "top": 798,
        "left": 532,
        "width": 266,
        "height": 38
      },
      "tileFilter": {
        "timeframe": null,
        "managementZone": null
      },
      "markdown": "## [9 Deploy](#deploy)"
    },
    {
      "name": "Markdown",
      "tileType": "MARKDOWN",
      "configured": true,
      "bounds": {
        "top": 798,
        "left": 874,
        "width": 266,
        "height": 38
      },
      "tileFilter": {
        "timeframe": null,
        "managementZone": null
      },
      "markdown": "## [10 Applications](#uemapplications)"
    },
    {
      "name": "Markdown",
      "tileType": "MARKDOWN",
      "configured": true,
      "bounds": {
        "top": 798,
        "left": 1140,
        "width": 266,
        "height": 38
      },
      "tileFilter": {
        "timeframe": null,
        "managementZone": null
      },
      "markdown": "## [11 Sessions](#usersearchoverview)"
    },
    {
      "name": "Markdown",
      "tileType": "MARKDOWN",
      "configured": true,
      "bounds": {
        "top": 798,
        "left": 1406,
        "width": 266,
        "height": 38
      },
      "tileFilter": {
        "timeframe": null,
        "managementZone": null
      },
      "markdown": "## [Key Store](#dashboard;id=d4db8e38-000f-42df-85a9-d491d34da000)"
    },    {
      "name": "Live user activity",
      "tileType": "UEM_ACTIVE_SESSIONS",
      "configured": true,
      "bounds": {
        "top": 0,
        "left": 7,
        "width": 304,
        "height": 304
      },
      "tileFilter": {
        "timeframe": null,
        "managementZone": null
      }
    },
    {
      "name": "Application health",
      "tileType": "APPLICATIONS",
      "configured": true,
      "bounds": {
        "top": 0,
        "left": 1356,
        "width": 304,
        "height": 304
      },
      "tileFilter": {
        "timeframe": null,
        "managementZone": null
      },
      "filterConfig": null,
      "chartVisible": true
    },
    {
      "name": "Top web applications",
      "tileType": "APPLICATIONS_MOST_ACTIVE",
      "configured": true,
      "bounds": {
        "top": 0,
        "left": 684,
        "width": 304,
        "height": 304
      },
      "tileFilter": {
        "timeframe": null,
        "managementZone": null
      }
    },
    {
      "name": "",
      "tileType": "CUSTOM_CHARTING",
      "configured": true,
      "bounds": {
        "top": 0,
        "left": 342,
        "width": 304,
        "height": 304
      },
      "tileFilter": {
        "timeframe": null,
        "managementZone": null
      },
      "filterConfig": {
        "type": "MIXED",
        "customName": "Active sessions",
        "defaultName": "Custom chart",
        "chartConfig": {
          "type": "TOP_LIST",
          "series": [
            {
              "metric": "builtin:apps.web.activeSessions",
              "aggregation": "AVG",
              "percentile": null,
              "type": "LINE",
              "entityType": "APPLICATION",
              "dimensions": [],
              "sortAscending": false,
              "sortColumn": true
            }
          ],
          "resultMetadata": {}
        },
        "filtersPerEntityType": {}
      }
    },
    {
      "name": "",
      "tileType": "CUSTOM_CHARTING",
      "configured": true,
      "bounds": {
        "top": 0,
        "left": 1026,
        "width": 304,
        "height": 304
      },
      "tileFilter": {
        "timeframe": null,
        "managementZone": null
      },
      "filterConfig": {
        "type": "MIXED",
        "customName": "Session duration",
        "defaultName": "Custom chart",
        "chartConfig": {
          "type": "TOP_LIST",
          "series": [
            {
              "metric": "builtin:apps.web.sessionDuration",
              "aggregation": "AVG",
              "percentile": null,
              "type": "LINE",
              "entityType": "APPLICATION",
              "dimensions": [],
              "sortAscending": false,
              "sortColumn": true
            }
          ],
          "resultMetadata": {}
        },
        "filtersPerEntityType": {}
      }
    }
	]
}