﻿{
	"metadata": {
		"configurationVersions": [
			2
		],
		"clusterVersion": "1.175.0.20190729-125021"
	},
	"id": "8a487b1b-c491-41f7-adf2-7460165da313",
	"dashboardMetadata": {
		"name": "\uD83D\uDEA8 Error Analysis",
		"shared": true,
		"owner": "MyEmail",
		"sharingDetails": {
			"linkShared": true,
			"published": true
		},
		"dashboardFilter": {
			"timeframe": "l_2_HOURS",
			"managementZone": null
		}
	},
	"tiles": [
		{
			"name": "User Sessions Query",
			"tileType": "DTAQL",
			"configured": true,
			"bounds": {
				"top": 38,
				"left": 1368,
				"width": 266,
				"height": 152
			},
			"tileFilter": {
				"timeframe": null,
				"managementZone": null
			},
			"customName": "\ud83d\ude22",
			"query": "select count(distinct userSessionId) as \"Conversions\"  FROM usersession where useraction.application=\"MyApp\" and\n\ttotalErrorCount > 2 and useraction.name=\"LastStep\" and\n\trevenueproperty>0\n",
			"type": "SINGLE_VALUE", "timeFrameShift": "-2h"
		},
		{
			"name": "DTAQL",
			"tileType": "DTAQL",
			"configured": true,
			"bounds": {
				"top": 38,
				"left": 1102,
				"width": 266,
				"height": 152
			},
			"tileFilter": {
				"timeframe": null,
				"managementZone": null
			},
			"customName": "\ud83d\ude12",
			"query": "select count(distinct userSessionId) as \"Conversions\"  FROM usersession where useraction.application=\"MyApp\" and\n\ttotalErrorCount IN (1,2) and useraction.name=\"LastStep\" and\n\trevenueproperty>0\n",
			"type": "SINGLE_VALUE", "timeFrameShift": "-2h"
		},
		{
			"name": "DTAQL",
			"tileType": "DTAQL",
			"configured": true,
			"bounds": {
				"top": 38,
				"left": 836,
				"width": 266,
				"height": 152
			},
			"tileFilter": {
				"timeframe": null,
				"managementZone": null
			},
			"customName": "\ud83d\ude00",
			"query": "select count(distinct userSessionId) as \"Conversions\"  FROM usersession where useraction.application=\"MyApp\" and\n\ttotalErrorCount=0 and useraction.name=\"LastStep\" and\n\trevenueproperty>0\n",
			"type": "SINGLE_VALUE", "timeFrameShift": "-2h"
		},
		{
			"name": "Markdown",
			"tileType": "MARKDOWN",
			"configured": true,
			"bounds": {
				"top": 0,
				"left": 1558,
				"width": 114,
				"height": 38
			},
			"tileFilter": {
				"timeframe": null,
				"managementZone": null
			},
			"markdown": "## [Return](#dashboard;id=6e481cc8-bea9-46ba-b1f8-23ebcc1da313)"
		},
		{
			"name": "Markdown",
			"tileType": "MARKDOWN",
			"configured": true,
			"bounds": {
				"top": 0,
				"left": 836,
				"width": 266,
				"height": 38
			},
			"tileFilter": {
				"timeframe": null,
				"managementZone": null
			},
			"markdown": "## [Clear Conversions (0)](https://MyTenant/ui/user-sessions/query?sessionquery=select%20userid%20as%20%22User%22,%20revenueproperty%20as%20%22Revenue%22%20%20FROM%20usersession%20where%0A%09totalErrorCount%3D0%20and%20useraction.name%3D%22LastStep%22%20and%0A%09revenueproperty%3E0%20order%20by%20revenueproperty%20DESC%0A&visualization=TABLE)"
		},
		{
			"name": "Markdown",
			"tileType": "MARKDOWN",
			"configured": true,
			"bounds": {
				"top": 0,
				"left": 1102,
				"width": 266,
				"height": 38
			},
			"tileFilter": {
				"timeframe": null,
				"managementZone": null
			},
			"markdown": "## [Low Conversions (1-2)](https://MyTenant/ui/user-sessions/query?sessionquery=select%20userid%20as%20%22User%22,revenueproperty%20as%20%22Revenue%22,%20totalErrorCount%20as%20%22Errors%22%20%20FROM%20usersession%20where%0A%09totalErrorCount%20IN%20(1,2)%20and%20useraction.name%3D%22LastStep%22%20and%0A%09revenueproperty%3E0%20order%20by%20totalErrorCount%20DESC%0A&visualization=TABLE)"
		},
		{
			"name": "Markdown",
			"tileType": "MARKDOWN",
			"configured": true,
			"bounds": {
				"top": 0,
				"left": 1368,
				"width": 190,
				"height": 38
			},
			"tileFilter": {
				"timeframe": null,
				"managementZone": null
			},
			"markdown": "## [High Conversions (3+)](https://MyTenant/ui/user-sessions/query?sessionquery=select%20userid%20as%20%22User%22,revenueproperty%20as%20%22Revenue%22,%20totalErrorCount%20as%20%22Errors%22%20%20FROM%20usersession%20where%0A%09totalErrorCount%20%3E%202%20and%20useraction.name%3D%22LastStep%22%20and%0A%09revenueproperty%3E0%20order%20by%20totalErrorCount%20DESC%0A&visualization=TABLE)"
		},
		{
			"name": "DTAQL",
			"tileType": "DTAQL",
			"configured": true,
			"bounds": {
				"top": 38,
				"left": 0,
				"width": 266,
				"height": 152
			},
			"tileFilter": {
				"timeframe": null,
				"managementZone": null
			},
			"customName": "\ud83d\ude00",
			"query": "select sum(revenueproperty) as \"Revenue\"  FROM usersession where useraction.application=\"MyApp\" and\n\ttotalErrorCount=0 and useraction.name=\"LastStep\" and\n\trevenueproperty>0\n",
			"type": "SINGLE_VALUE", "timeFrameShift": "-2h"
		},
		{
			"name": "DTAQL",
			"tileType": "DTAQL",
			"configured": true,
			"bounds": {
				"top": 38,
				"left": 266,
				"width": 266,
				"height": 152
			},
			"tileFilter": {
				"timeframe": null,
				"managementZone": null
			},
			"customName": "\ud83d\ude12",
			"query": "select sum(revenueproperty) as \"Revenue\"  FROM usersession where useraction.application=\"MyApp\" and\n\ttotalErrorCount IN (1,2) and useraction.name=\"LastStep\" and\n\trevenueproperty>0\n",
			"type": "SINGLE_VALUE", "timeFrameShift": "-2h"
		},
		{
			"name": "DTAQL",
			"tileType": "DTAQL",
			"configured": true,
			"bounds": {
				"top": 38,
				"left": 532,
				"width": 266,
				"height": 152
			},
			"tileFilter": {
				"timeframe": null,
				"managementZone": null
			},
			"customName": "\ud83d\ude22",
			"query": "select sum(revenueproperty) as \"Revenue\"  FROM usersession where useraction.application=\"MyApp\" and\n\ttotalErrorCount > 2 and useraction.name=\"LastStep\" and\n\trevenueproperty>0\n",
			"type": "SINGLE_VALUE", "timeFrameShift": "-2h"
		},
		{
			"name": "Markdown",
			"tileType": "MARKDOWN",
			"configured": true,
			"bounds": {
				"top": 0,
				"left": 0,
				"width": 266,
				"height": 38
			},
			"tileFilter": {
				"timeframe": null,
				"managementZone": null
			},
			"markdown": "## [Clear Revenue (0)](https://MyTenant/ui/user-sessions/query?sessionquery=select%20userid%20as%20%22User%22,%20revenueproperty%20as%20%22Revenue%22%20%20FROM%20usersession%20where%0A%09totalErrorCount%3D0%20and%20useraction.name%3D%22LastStep%22%20and%0A%09revenueproperty%3E0%20order%20by%20revenueproperty%20DESC%0A&visualization=TABLE)"
		},
		{
			"name": "Markdown",
			"tileType": "MARKDOWN",
			"configured": true,
			"bounds": {
				"top": 0,
				"left": 266,
				"width": 266,
				"height": 38
			},
			"tileFilter": {
				"timeframe": null,
				"managementZone": null
			},
			"markdown": "## [Low Revenue (1-2)](https://MyTenant/ui/user-sessions/query?sessionquery=select%20userid%20as%20%22User%22,revenueproperty%20as%20%22Revenue%22,%20totalErrorCount%20as%20%22Errors%22%20%20FROM%20usersession%20where%0A%09totalErrorCount%20IN%20(1,2)%20and%20useraction.name%3D%22LastStep%22%20and%0A%09revenueproperty%3E0%20order%20by%20totalErrorCount%20DESC%0A&visualization=TABLE)"
		},
		{
			"name": "Markdown",
			"tileType": "MARKDOWN",
			"configured": true,
			"bounds": {
				"top": 0,
				"left": 532,
				"width": 266,
				"height": 38
			},
			"tileFilter": {
				"timeframe": null,
				"managementZone": null
			},
			"markdown": "## [High Revenue (3+)](https://MyTenant/ui/user-sessions/query?sessionquery=select%20userid%20as%20%22User%22,revenueproperty%20as%20%22Revenue%22,%20totalErrorCount%20as%20%22Errors%22%20%20FROM%20usersession%20where%0A%09totalErrorCount%20%3E%202%20and%20useraction.name%3D%22LastStep%22%20and%0A%09revenueproperty%3E0%20order%20by%20totalErrorCount%20DESC%0A&visualization=TABLE)"
		},
		{
			"name": "DTAQL",
			"tileType": "DTAQL",
			"configured": true,
			"bounds": {
				"top": 266,
				"left": 0,
				"width": 266,
				"height": 152
			},
			"tileFilter": {
				"timeframe": null,
				"managementZone": null
			},
			"customName": "\ud83d\ude00",
			"query": "select sum(revenueproperty) as \"Lost Revenue\"  FROM usersession where useraction.application=\"MyApp\" and\n\ttotalErrorCount=0 and useraction.name!=\"LastStep\" and\n\trevenueproperty>0\n",
			"type": "SINGLE_VALUE", "timeFrameShift": "-2h"
		},
		{
			"name": "DTAQL",
			"tileType": "DTAQL",
			"configured": true,
			"bounds": {
				"top": 266,
				"left": 266,
				"width": 266,
				"height": 152
			},
			"tileFilter": {
				"timeframe": null,
				"managementZone": null
			},
			"customName": "\ud83d\ude12",
			"query": "select sum(revenueproperty) as \"Lost Revenue\"  FROM usersession where useraction.application=\"MyApp\" and\n\ttotalErrorCount IN (1,2) and useraction.name!=\"LastStep\" and\n\trevenueproperty>0\n",
			"type": "SINGLE_VALUE", "timeFrameShift": "-2h"
		},
		{
			"name": "DTAQL",
			"tileType": "DTAQL",
			"configured": true,
			"bounds": {
				"top": 266,
				"left": 532,
				"width": 266,
				"height": 152
			},
			"tileFilter": {
				"timeframe": null,
				"managementZone": null
			},
			"customName": "\ud83d\ude22",
			"query": "select sum(revenueproperty) as \"Lost Revenue\"  FROM usersession where useraction.application=\"MyApp\" and\n\ttotalErrorCount > 2 and useraction.name!=\"LastStep\" and\n\trevenueproperty>0\n",
			"type": "SINGLE_VALUE", "timeFrameShift": "-2h"
		},
		{
			"name": "DTAQL",
			"tileType": "DTAQL",
			"configured": true,
			"bounds": {
				"top": 266,
				"left": 836,
				"width": 266,
				"height": 152
			},
			"tileFilter": {
				"timeframe": null,
				"managementZone": null
			},
			"customName": "\ud83d\ude00",
			"query": "select count(distinct userSessionId) as \"Abandons\"  FROM usersession where useraction.application=\"MyApp\" and\n\ttotalErrorCount=0 and useraction.name!=\"LastStep\" and\n\trevenueproperty>0\n",
			"type": "SINGLE_VALUE", "timeFrameShift": "-2h"
		},
		{
			"name": "DTAQL",
			"tileType": "DTAQL",
			"configured": true,
			"bounds": {
				"top": 266,
				"left": 1102,
				"width": 266,
				"height": 152
			},
			"tileFilter": {
				"timeframe": null,
				"managementZone": null
			},
			"customName": "\ud83d\ude12",
			"query": "select count(distinct userSessionId) as \"Abandons\"  FROM usersession where useraction.application=\"MyApp\" and\n\ttotalErrorCount IN (1,2) and useraction.name!=\"LastStep\" and\n\trevenueproperty>0\n",
			"type": "SINGLE_VALUE", "timeFrameShift": "-2h"
		},
		{
			"name": "User Sessions Query",
			"tileType": "DTAQL",
			"configured": true,
			"bounds": {
				"top": 266,
				"left": 1368,
				"width": 266,
				"height": 152
			},
			"tileFilter": {
				"timeframe": null,
				"managementZone": null
			},
			"customName": "\ud83d\ude22",
			"query": "select count(distinct userSessionId) as \"Abandons\"  FROM usersession where useraction.application=\"MyApp\" and\n\ttotalErrorCount > 2 and useraction.name!=\"LastStep\" and\n\trevenueproperty>0\n",
			"type": "SINGLE_VALUE", "timeFrameShift": "-2h"
		},
		{
			"name": "Markdown",
			"tileType": "MARKDOWN",
			"configured": true,
			"bounds": {
				"top": 228,
				"left": 0,
				"width": 266,
				"height": 38
			},
			"tileFilter": {
				"timeframe": null,
				"managementZone": null
			},
			"markdown": "## [Clear Lost Revenue (0)](https://MyTenant/ui/user-sessions/query?sessionquery=select%20userid%20as%20%22User%22,%20revenueproperty%20as%20%22Revenue%22%20%20FROM%20usersession%20where%0A%09totalErrorCount%3D0%20and%20useraction.name!%3D%22LastStep%22%20and%0A%09revenueproperty%3E0%20order%20by%20revenueproperty%20DESC%0A&visualization=TABLE)"
		},
		{
			"name": "Markdown",
			"tileType": "MARKDOWN",
			"configured": true,
			"bounds": {
				"top": 228,
				"left": 266,
				"width": 266,
				"height": 38
			},
			"tileFilter": {
				"timeframe": null,
				"managementZone": null
			},
			"markdown": "## [Low Lost Revenue (1-2)](https://MyTenant/ui/user-sessions/query?sessionquery=select%20userid%20as%20%22User%22,revenueproperty%20as%20%22Revenue%22,%20totalErrorCount%20as%20%22Errors%22%20%20FROM%20usersession%20where%0A%09totalErrorCount%20IN%20(1,2)%20and%20useraction.name!%3D%22LastStep%22%20and%0A%09revenueproperty%3E0%20order%20by%20totalErrorCount%20DESC%0A&visualization=TABLE)"
		},
		{
			"name": "Markdown",
			"tileType": "MARKDOWN",
			"configured": true,
			"bounds": {
				"top": 228,
				"left": 532,
				"width": 266,
				"height": 38
			},
			"tileFilter": {
				"timeframe": null,
				"managementZone": null
			},
			"markdown": "## [High Lost Revenue (3+)](https://MyTenant/ui/user-sessions/query?sessionquery=select%20userid%20as%20%22User%22,revenueproperty%20as%20%22Revenue%22,%20totalErrorCount%20as%20%22Errors%22%20%20FROM%20usersession%20where%0A%09totalErrorCount%20%3E%202%20and%20useraction.name!%3D%22LastStep%22%20and%0A%09revenueproperty%3E0%20order%20by%20totalErrorCount%20DESC%0A&visualization=TABLE)"
		},
		{
			"name": "Markdown",
			"tileType": "MARKDOWN",
			"configured": true,
			"bounds": {
				"top": 228,
				"left": 836,
				"width": 266,
				"height": 38
			},
			"tileFilter": {
				"timeframe": null,
				"managementZone": null
			},
			"markdown": "## [Clear Abandons (0)](https://MyTenant/ui/user-sessions/query?sessionquery=select%20userid%20as%20%22User%22,%20revenueproperty%20as%20%22Revenue%22%20%20FROM%20usersession%20where%0A%09totalErrorCount%3D0%20and%20useraction.name!%3D%22LastStep%22%20and%0A%09revenueproperty%3E0%20order%20by%20revenueproperty%20DESC%0A&visualization=TABLE)"
		},
		{
			"name": "Markdown",
			"tileType": "MARKDOWN",
			"configured": true,
			"bounds": {
				"top": 228,
				"left": 1102,
				"width": 266,
				"height": 38
			},
			"tileFilter": {
				"timeframe": null,
				"managementZone": null
			},
			"markdown": "## [Low Abandons (1-2)](https://MyTenant/ui/user-sessions/query?sessionquery=select%20userid%20as%20%22User%22,revenueproperty%20as%20%22Revenue%22,%20totalErrorCount%20as%20%22Errors%22%20%20FROM%20usersession%20where%0A%09totalErrorCount%20IN%20(1,2)%20and%20useraction.name!%3D%22LastStep%22%20and%0A%09revenueproperty%3E0%20order%20by%20totalErrorCount%20DESC%0A&visualization=TABLE)"
		},
		{
			"name": "Markdown",
			"tileType": "MARKDOWN",
			"configured": true,
			"bounds": {
				"top": 228,
				"left": 1368,
				"width": 266,
				"height": 38
			},
			"tileFilter": {
				"timeframe": null,
				"managementZone": null
			},
			"markdown": "## [High Abandons (3+)](https://MyTenant/ui/user-sessions/query?sessionquery=select%20userid%20as%20%22User%22,revenueproperty%20as%20%22Revenue%22,%20totalErrorCount%20as%20%22Errors%22%20%20FROM%20usersession%20where%0A%09totalErrorCount%20%3E%202%20and%20useraction.name!%3D%22LastStep%22%20and%0A%09revenueproperty%3E0%20order%20by%20totalErrorCount%20DESC%0A&visualization=TABLE)"
		},
		{
			"name": "User Sessions Query",
			"tileType": "DTAQL",
			"configured": true,
			"bounds": {
				"top": 494,
				"left": 0,
				"width": 798,
				"height": 304
			},
			"tileFilter": {
				"timeframe": null,
				"managementZone": null
			},
			"customName": "\ud83d\ude12",
			"query": "select DISTINCT DATETIME(starttime, \"HH:mm\", \"10m\") as \"Time\", sum(usersession.totalErrorCount) as \"Errors\" FROM usersession",
			"type": "COLUMN_CHART"
		},
		{
			"name": "Errors Over Time",
			"tileType": "HEADER",
			"configured": true,
			"bounds": {
				"top": 456,
				"left": 0,
				"width": 304,
				"height": 38
			},
			"tileFilter": {
				"timeframe": null,
				"managementZone": null
			}
		},
		{
			"name": "User Sessions Query",
			"tileType": "DTAQL",
			"configured": true,
			"bounds": {
				"top": 494,
				"left": 836,
				"width": 798,
				"height": 304
			},
			"tileFilter": {
				"timeframe": null,
				"managementZone": null
			},
			"customName": "\ud83d\ude12",
			"query": "select distinct name, sum(usersession.totalErrorCount) as \"Errors\" from useraction where useraction.application=\"MyApp\" and errorcount>0 order by usersession.totalErrorCount",
			"type": "COLUMN_CHART"
		},
		{
			"name": "Top User Actions",
			"tileType": "HEADER",
			"configured": true,
			"bounds": {
				"top": 456,
				"left": 836,
				"width": 304,
				"height": 38
			},
			"tileFilter": {
				"timeframe": null,
				"managementZone": null
			}
		}
	]
}
