﻿{
  "metadata": {
    "configurationVersions": [
      2
    ],
    "clusterVersion": "1.179.0.20190919-152218"
  },
  "id": "65312f05-ca6c-4896-b2b4-1bc8ce3da313",
  "dashboardMetadata": {
    "name": "\ud83d\uded2 MyFunnel Funnel",
    "shared": true,
    "owner": "MyEmail",
    "sharingDetails": {
      "linkShared": true,
      "published": true
    },
    "dashboardFilter": {
      "timeframe": "l_2_HOURS",
      "managementZone": null
    }
  },
  "tiles": [
    {
      "name": "User Sessions Query",
      "tileType": "DTAQL",
      "configured": true,
      "bounds": {
        "top": 38,
        "left": 152,
        "width": 228,
        "height": 152
      },
      "tileFilter": {
        "timeframe": null,
        "managementZone": null
      },
      "customName": "StepHeader1",
      "query": "select count(usersessionid) as \"Sessions\" from usersession where useraction.name=\"Step1\"",
      "type": "SINGLE_VALUE",
      "timeFrameShift": "-2h"
    },
    {
      "name": "DTAQL",
      "tileType": "DTAQL",
      "configured": true,
      "bounds": {
        "top": 38,
        "left": 836,
        "width": 228,
        "height": 152
      },
      "tileFilter": {
        "timeframe": null,
        "managementZone": null
      },
      "customName": "StepHeader4",
      "query": "select count(usersessionid) as \"Sessions\" from usersession where useraction.name=\"Step1\" and useraction.name=\"Step2\" and useraction.name=\"Step3\" and useraction.name=\"Step4\"",
      "type": "SINGLE_VALUE",
      "timeFrameShift": "-2h"
    },
    {
      "name": "DTAQL",
      "tileType": "DTAQL",
      "configured": true,
      "bounds": {
        "top": 38,
        "left": 1064,
        "width": 228,
        "height": 152
      },
      "tileFilter": {
        "timeframe": null,
        "managementZone": null
      },
      "customName": "StepHeader5",
      "query": "select count(usersessionid) as \"Sessions\" from usersession where useraction.name=\"Step1\" and useraction.name=\"Step2\" and useraction.name=\"Step3\" and useraction.name=\"Step4\" and useraction.name=\"Step5\"",
      "type": "SINGLE_VALUE",
      "timeFrameShift": "-2h"
    },
    {
      "name": "DTAQL",
      "tileType": "DTAQL",
      "configured": true,
      "bounds": {
        "top": 190,
        "left": 152,
        "width": 228,
        "height": 152
      },
      "tileFilter": {
        "timeframe": null,
        "managementZone": null
      },
      "customName": "StepHeader1",
      "query": "select count(usersessionid) as \"Abandons\" from usersession where useraction.name=\"Step1\" and useraction.name!=\"Step2\"",
      "type": "SINGLE_VALUE",
      "timeFrameShift": "-2h"
    },
    {
      "name": "DTAQL",
      "tileType": "DTAQL",
      "configured": true,
      "bounds": {
        "top": 190,
        "left": 836,
        "width": 228,
        "height": 152
      },
      "tileFilter": {
        "timeframe": null,
        "managementZone": null
      },
      "customName": "StepHeader4",
      "query": "select count(usersessionid) as \"Abandons\" from usersession where useraction.name=\"Step1\" and useraction.name=\"Step2\" and useraction.name=\"Step3\" and useraction.name=\"Step4\" and useraction.name!=\"Step5\"",
      "type": "SINGLE_VALUE",
      "timeFrameShift": "-2h"
    },
    {
      "name": "DTAQL",
      "tileType": "DTAQL",
      "configured": true,
      "bounds": {
        "top": 190,
        "left": 1064,
        "width": 228,
        "height": 152
      },
      "tileFilter": {
        "timeframe": null,
        "managementZone": null
      },
      "customName": "StepHeader5",
      "query": "select count(usersessionid) as \"Abandons\" from usersession where useraction.name=\"Step1\" and useraction.name=\"Step2\" and useraction.name=\"Step3\"  and useraction.name=\"Step4\" and useraction.name=\"Step5\" and useraction.name!=\"Step6\"",
      "type": "SINGLE_VALUE",
      "timeFrameShift": "-2h"
    },
    {
      "name": "DTAQL",
      "tileType": "DTAQL",
      "configured": true,
      "bounds": {
        "top": 190,
        "left": 1292,
        "width": 228,
        "height": 152
      },
      "tileFilter": {
        "timeframe": null,
        "managementZone": null
      },
      "customName": "StepHeader6",
      "query": "select count(usersessionid) as \"Abandons\" from usersession where useraction.name=\"Step1\" and useraction.name=\"Step2\" and useraction.name=\"Step3\"  and useraction.name=\"Step4\" and useraction.name=\"Step5\" and useraction.name=\"Step6\" and useraction.name!=\"Step7\"",
      "type": "SINGLE_VALUE",
      "timeFrameShift": "-2h"
    },
    {
      "name": "Markdown",
      "tileType": "MARKDOWN",
      "configured": true,
      "bounds": {
        "top": 0,
        "left": 152,
        "width": 228,
        "height": 38
      },
      "tileFilter": {
        "timeframe": null,
        "managementZone": null
      },
      "markdown": "## [StepHeader1](#dashboard;id=1fc1af04-a855-43cb-855c-c32f4ecda313)"
    },
    {
      "name": "Markdown",
      "tileType": "MARKDOWN",
      "configured": true,
      "bounds": {
        "top": 0,
        "left": 1064,
        "width": 228,
        "height": 38
      },
      "tileFilter": {
        "timeframe": null,
        "managementZone": null
      },
      "markdown": "## [StepHeader5](#dashboard;id=a7340848-3f03-4155-ac15-d8ea4a7da313)"
    },
    {
      "name": "Markdown",
      "tileType": "MARKDOWN",
      "configured": true,
      "bounds": {
        "top": 0,
        "left": 836,
        "width": 228,
        "height": 38
      },
      "tileFilter": {
        "timeframe": null,
        "managementZone": null
      },
      "markdown": "## [StepHeader4](#dashboard;id=7f64e3ef-239c-416a-b3a4-66b99beda313)"
    },
    {
      "name": "Markdown",
      "tileType": "MARKDOWN",
      "configured": true,
      "bounds": {
        "top": 0,
        "left": 1292,
        "width": 228,
        "height": 38
      },
      "tileFilter": {
        "timeframe": null,
        "managementZone": null
      },
      "markdown": "## [StepHeader6](#dashboard;id=a7340848-3f03-4155-ac06-d8ea4a7da313)"
    },
    {
      "name": "Sessions",
      "tileType": "HEADER",
      "configured": true,
      "bounds": {
        "top": 76,
        "left": 0,
        "width": 152,
        "height": 38
      },
      "tileFilter": {
        "timeframe": null,
        "managementZone": null
      }
    },
    {
      "name": "Abandons",
      "tileType": "HEADER",
      "configured": true,
      "bounds": {
        "top": 228,
        "left": 0,
        "width": 152,
        "height": 38
      },
      "tileFilter": {
        "timeframe": null,
        "managementZone": null
      }
    },
    {
      "name": "Duration",
      "tileType": "HEADER",
      "configured": true,
      "bounds": {
        "top": 380,
        "left": 0,
        "width": 152,
        "height": 38
      },
      "tileFilter": {
        "timeframe": null,
        "managementZone": null
      }
    },
    {
      "name": "Errors",
      "tileType": "HEADER",
      "configured": true,
      "bounds": {
        "top": 532,
        "left": 0,
        "width": 152,
        "height": 38
      },
      "tileFilter": {
        "timeframe": null,
        "managementZone": null
      }
    },
    {
      "name": "DTAQL",
      "tileType": "DTAQL",
      "configured": true,
      "bounds": {
        "top": 494,
        "left": 836,
        "width": 228,
        "height": 152
      },
      "tileFilter": {
        "timeframe": null,
        "managementZone": null
      },
      "customName": "StepHeader4",
      "query": "select sum(usersession.totalErrorCount) as \"Errors\" from useraction where name=\"Step4\"",
      "type": "SINGLE_VALUE",
      "timeFrameShift": "-2h"
    },
    {
      "name": "DTAQL",
      "tileType": "DTAQL",
      "configured": true,
      "bounds": {
        "top": 494,
        "left": 152,
        "width": 228,
        "height": 152
      },
      "tileFilter": {
        "timeframe": null,
        "managementZone": null
      },
      "customName": "StepHeader1",
      "query": "select sum(usersession.totalErrorCount) as \"Errors\" from useraction where name=\"Step1\"",
      "type": "SINGLE_VALUE",
      "timeFrameShift": "-2h"
    },
    {
      "name": "DTAQL",
      "tileType": "DTAQL",
      "configured": true,
      "bounds": {
        "top": 494,
        "left": 1064,
        "width": 228,
        "height": 152
      },
      "tileFilter": {
        "timeframe": null,
        "managementZone": null
      },
      "customName": "StepHeader5",
      "query": "select sum(usersession.totalErrorCount) as \"Errors\" from useraction where name=\"Step5\"",
      "type": "SINGLE_VALUE",
      "timeFrameShift": "-2h"
    },
    {
      "name": "DTAQL",
      "tileType": "DTAQL",
      "configured": true,
      "bounds": {
        "top": 494,
        "left": 1292,
        "width": 228,
        "height": 152
      },
      "tileFilter": {
        "timeframe": null,
        "managementZone": null
      },
      "customName": "StepHeader6",
      "query": "select sum(usersession.totalErrorCount) as \"Errors\" from useraction where name=\"Step6\"",
      "type": "SINGLE_VALUE",
      "timeFrameShift": "-2h"
    },
    {
      "name": "DTAQL",
      "tileType": "DTAQL",
      "configured": true,
      "bounds": {
        "top": 38,
        "left": 1292,
        "width": 228,
        "height": 152
      },
      "tileFilter": {
        "timeframe": null,
        "managementZone": null
      },
      "customName": "StepHeader6",
      "query": "select count(usersessionid) as \"Sessions\" from usersession where useraction.name=\"Step1\" and useraction.name=\"Step2\" and useraction.name=\"Step3\" and useraction.name=\"Step4\" and useraction.name=\"Step5\" and useraction.name=\"Step6\"",
      "type": "SINGLE_VALUE",
      "timeFrameShift": "-2h"
    },
    {
      "name": "DTAQL",
      "tileType": "DTAQL",
      "configured": true,
      "bounds": {
        "top": 342,
        "left": 152,
        "width": 228,
        "height": 152
      },
      "tileFilter": {
        "timeframe": null,
        "managementZone": null
      },
      "customName": "StepHeader1",
      "query": "select AVG(duration) as \"Duration\" from useraction where name=\"Step1\"",
      "type": "SINGLE_VALUE",
      "timeFrameShift": "-2h"
    },
    {
      "name": "DTAQL",
      "tileType": "DTAQL",
      "configured": true,
      "bounds": {
        "top": 342,
        "left": 836,
        "width": 228,
        "height": 152
      },
      "tileFilter": {
        "timeframe": null,
        "managementZone": null
      },
      "customName": "StepHeader4",
      "query": "select avg(duration) as \"Duration\" from useraction where name=\"Step4\"",
      "type": "SINGLE_VALUE",
      "timeFrameShift": "-2h"
    },
    {
      "name": "DTAQL",
      "tileType": "DTAQL",
      "configured": true,
      "bounds": {
        "top": 342,
        "left": 1064,
        "width": 228,
        "height": 152
      },
      "tileFilter": {
        "timeframe": null,
        "managementZone": null
      },
      "customName": "StepHeader5",
      "query": "select avg(duration) as \"Duration\" from useraction where name=\"Step5\"",
      "type": "SINGLE_VALUE",
      "timeFrameShift": "-2h"
    },
    {
      "name": "DTAQL",
      "tileType": "DTAQL",
      "configured": true,
      "bounds": {
        "top": 342,
        "left": 1292,
        "width": 228,
        "height": 152
      },
      "tileFilter": {
        "timeframe": null,
        "managementZone": null
      },
      "customName": "StepHeader6",
      "query": "select avg(duration) as \"Duration\" from useraction where name=\"Step6\"",
      "type": "SINGLE_VALUE",
      "timeFrameShift": "-2h"
    },
    {
      "name": "Markdown",
      "tileType": "MARKDOWN",
      "configured": true,
      "bounds": {
        "top": 0,
        "left": 2432,
        "width": 152,
        "height": 38
      },
      "tileFilter": {
        "timeframe": null,
        "managementZone": null
      },
      "markdown": "## [Return](#dashboard;id=6e481cc8-bea9-46ba-b1f8-23ebcc1da313)"
    },
    {
      "name": "User Sessions Query",
      "tileType": "DTAQL",
      "configured": true,
      "bounds": {
        "top": 38,
        "left": 380,
        "width": 228,
        "height": 152
      },
      "tileFilter": {
        "timeframe": null,
        "managementZone": null
      },
      "customName": "StepHeader2",
      "query": "select count(usersessionid) as \"Sessions\" from usersession where useraction.name=\"Step1\" and useraction.name=\"Step2\"",
      "type": "SINGLE_VALUE",
      "timeFrameShift": "-2h"
    },
    {
      "name": "User Sessions Query",
      "tileType": "DTAQL",
      "configured": true,
      "bounds": {
        "top": 38,
        "left": 608,
        "width": 228,
        "height": 152
      },
      "tileFilter": {
        "timeframe": null,
        "managementZone": null
      },
      "customName": "StepHeader3",
      "query": "select count(usersessionid) as \"Sessions\" from usersession where useraction.name=\"Step1\" and useraction.name=\"Step2\" and useraction.name=\"Step3\"",
      "type": "SINGLE_VALUE",
      "timeFrameShift": "-2h"
    },
    {
      "name": "DTAQL",
      "tileType": "DTAQL",
      "configured": true,
      "bounds": {
        "top": 190,
        "left": 380,
        "width": 228,
        "height": 152
      },
      "tileFilter": {
        "timeframe": null,
        "managementZone": null
      },
      "customName": "StepHeader2",
      "query": "select count(usersessionid) as \"Abandons\" from usersession where useraction.name=\"Step1\" and useraction.name=\"Step2\" and useraction.name!=\"Step3\"",
      "type": "SINGLE_VALUE",
      "timeFrameShift": "-2h"
    },
    {
      "name": "DTAQL",
      "tileType": "DTAQL",
      "configured": true,
      "bounds": {
        "top": 190,
        "left": 608,
        "width": 228,
        "height": 152
      },
      "tileFilter": {
        "timeframe": null,
        "managementZone": null
      },
      "customName": "StepHeader3",
      "query": "select count(usersessionid) as \"Abandons\" from usersession where useraction.name=\"Step1\" and useraction.name=\"Step2\" and useraction.name=\"Step3\" and useraction.name!=\"Step4\"",
      "type": "SINGLE_VALUE",
      "timeFrameShift": "-2h"
    },
    {
      "name": "DTAQL",
      "tileType": "DTAQL",
      "configured": true,
      "bounds": {
        "top": 342,
        "left": 380,
        "width": 228,
        "height": 152
      },
      "tileFilter": {
        "timeframe": null,
        "managementZone": null
      },
      "customName": "StepHeader2",
      "query": "select AVG(duration) as \"Duration\" from useraction where name=\"Step2\" ",
      "type": "SINGLE_VALUE",
      "timeFrameShift": "-2h"
    },
    {
      "name": "DTAQL",
      "tileType": "DTAQL",
      "configured": true,
      "bounds": {
        "top": 342,
        "left": 608,
        "width": 228,
        "height": 152
      },
      "tileFilter": {
        "timeframe": null,
        "managementZone": null
      },
      "customName": "StepHeader3",
      "query": "select AVG(duration) as \"Duration\" from useraction where name=\"Step3\"",
      "type": "SINGLE_VALUE",
      "timeFrameShift": "-2h"
    },
    {
      "name": "DTAQL",
      "tileType": "DTAQL",
      "configured": true,
      "bounds": {
        "top": 494,
        "left": 380,
        "width": 228,
        "height": 152
      },
      "tileFilter": {
        "timeframe": null,
        "managementZone": null
      },
      "customName": "StepHeader2",
      "query": "select sum(usersession.totalErrorCount) as \"Errors\" from useraction where name=\"Step2\"",
      "type": "SINGLE_VALUE",
      "timeFrameShift": "-2h"
    },
    {
      "name": "DTAQL",
      "tileType": "DTAQL",
      "configured": true,
      "bounds": {
        "top": 494,
        "left": 608,
        "width": 228,
        "height": 152
      },
      "tileFilter": {
        "timeframe": null,
        "managementZone": null
      },
      "customName": "StepHeader3",
      "query": "select sum(usersession.totalErrorCount) as \"Errors\" from useraction where name=\"Step3\"",
      "type": "SINGLE_VALUE",
      "timeFrameShift": "-2h"
    },
    {
      "name": "Markdown",
      "tileType": "MARKDOWN",
      "configured": true,
      "bounds": {
        "top": 0,
        "left": 380,
        "width": 228,
        "height": 38
      },
      "tileFilter": {
        "timeframe": null,
        "managementZone": null
      },
      "markdown": "## [StepHeader2](#dashboard;id=2662ddb8-dd6a-4345-a1bc-7ff069eda313)"
    },
    {
      "name": "Markdown",
      "tileType": "MARKDOWN",
      "configured": true,
      "bounds": {
        "top": 0,
        "left": 608,
        "width": 228,
        "height": 38
      },
      "tileFilter": {
        "timeframe": null,
        "managementZone": null
      },
      "markdown": "## [StepHeader3](#dashboard;id=10a69069-74c2-4eba-b18a-6856d91da313)"
    },
    {
      "name": "Markdown",
      "tileType": "MARKDOWN",
      "configured": true,
      "bounds": {
        "top": 0,
        "left": 2204,
        "width": 228,
        "height": 38
      },
      "tileFilter": {
        "timeframe": null,
        "managementZone": null
      },
      "markdown": "## [StepHeader10](#dashboard;id=0d81ee7c-f7ba-4626-a087-60b76ecda313)"
    },
    {
      "name": "DTAQL",
      "tileType": "DTAQL",
      "configured": true,
      "bounds": {
        "top": 38,
        "left": 1520,
        "width": 228,
        "height": 152
      },
      "tileFilter": {
        "timeframe": null,
        "managementZone": null
      },
      "customName": "StepHeader7",
      "query": "select count(usersessionid) as \"Sessions\" from usersession where useraction.name=\"Step1\" and useraction.name=\"Step2\" and useraction.name=\"Step3\" and useraction.name=\"Step4\" and useraction.name=\"Step5\" and useraction.name=\"Step6\"  and useraction.name=\"Step7\" ",
      "type": "SINGLE_VALUE",
      "timeFrameShift": "-2h"
    },
    {
      "name": "DTAQL",
      "tileType": "DTAQL",
      "configured": true,
      "bounds": {
        "top": 190,
        "left": 1520,
        "width": 228,
        "height": 152
      },
      "tileFilter": {
        "timeframe": null,
        "managementZone": null
      },
      "customName": "StepHeader7",
      "query": "select count(usersessionid) as \"Abandons\" from usersession where useraction.name=\"Step1\" and useraction.name=\"Step2\" and useraction.name=\"Step3\"  and useraction.name=\"Step4\" and useraction.name=\"Step5\" and useraction.name=\"Step6\" and useraction.name=\"Step7\" and useraction.name!=\"Step8\"",
      "type": "SINGLE_VALUE",
      "timeFrameShift": "-2h"
    },
    {
      "name": "DTAQL",
      "tileType": "DTAQL",
      "configured": true,
      "bounds": {
        "top": 342,
        "left": 1520,
        "width": 228,
        "height": 152
      },
      "tileFilter": {
        "timeframe": null,
        "managementZone": null
      },
      "customName": "StepHeader7",
      "query": "select avg(duration) as \"Duration\" from useraction where name=\"Step7\"",
      "type": "SINGLE_VALUE",
      "timeFrameShift": "-2h"
    },
    {
      "name": "DTAQL",
      "tileType": "DTAQL",
      "configured": true,
      "bounds": {
        "top": 494,
        "left": 1520,
        "width": 228,
        "height": 152
      },
      "tileFilter": {
        "timeframe": null,
        "managementZone": null
      },
      "customName": "StepHeader7",
      "query": "select sum(usersession.totalErrorCount) as \"Errors\" from useraction where name=\"Step7\"",
      "type": "SINGLE_VALUE",
      "timeFrameShift": "-2h"
    },
    {
      "name": "Markdown",
      "tileType": "MARKDOWN",
      "configured": true,
      "bounds": {
        "top": 0,
        "left": 1520,
        "width": 228,
        "height": 38
      },
      "tileFilter": {
        "timeframe": null,
        "managementZone": null
      },
      "markdown": "## [StepHeader7](#dashboard;id=a7340848-3f03-4155-ac07-d8ea4a7da313)"
    },
    {
      "name": "DTAQL",
      "tileType": "DTAQL",
      "configured": true,
      "bounds": {
        "top": 38,
        "left": 1748,
        "width": 228,
        "height": 152
      },
      "tileFilter": {
        "timeframe": null,
        "managementZone": null
      },
      "customName": "StepHeader8",
      "query": "select count(usersessionid) as \"Sessions\" from usersession where useraction.name=\"Step1\" and useraction.name=\"Step2\" and useraction.name=\"Step3\" and useraction.name=\"Step4\" and useraction.name=\"Step5\" and useraction.name=\"Step6\"  and useraction.name=\"Step7\"  and useraction.name=\"Step8\" ",
      "type": "SINGLE_VALUE",
      "timeFrameShift": "-2h"
    },
    {
      "name": "DTAQL",
      "tileType": "DTAQL",
      "configured": true,
      "bounds": {
        "top": 190,
        "left": 1748,
        "width": 228,
        "height": 152
      },
      "tileFilter": {
        "timeframe": null,
        "managementZone": null
      },
      "customName": "StepHeader8",
      "query": "select count(usersessionid) as \"Abandons\" from usersession where useraction.name=\"Step1\" and useraction.name=\"Step2\" and useraction.name=\"Step3\"  and useraction.name=\"Step4\" and useraction.name=\"Step5\" and useraction.name=\"Step6\" and useraction.name=\"Step7\" and useraction.name=\"Step8\" and useraction.name!=\"Step9\"",
      "type": "SINGLE_VALUE",
      "timeFrameShift": "-2h"
    },
    {
      "name": "DTAQL",
      "tileType": "DTAQL",
      "configured": true,
      "bounds": {
        "top": 342,
        "left": 1748,
        "width": 228,
        "height": 152
      },
      "tileFilter": {
        "timeframe": null,
        "managementZone": null
      },
      "customName": "StepHeader8",
      "query": "select avg(duration) as \"Duration\" from useraction where name=\"Step8\"",
      "type": "SINGLE_VALUE",
      "timeFrameShift": "-2h"
    },
    {
      "name": "DTAQL",
      "tileType": "DTAQL",
      "configured": true,
      "bounds": {
        "top": 494,
        "left": 1748,
        "width": 228,
        "height": 152
      },
      "tileFilter": {
        "timeframe": null,
        "managementZone": null
      },
      "customName": "StepHeader8",
      "query": "select sum(usersession.totalErrorCount) as \"Errors\" from useraction where name=\"Step8\"",
      "type": "SINGLE_VALUE",
      "timeFrameShift": "-2h"
    },
    {
      "name": "Markdown",
      "tileType": "MARKDOWN",
      "configured": true,
      "bounds": {
        "top": 0,
        "left": 1748,
        "width": 228,
        "height": 38
      },
      "tileFilter": {
        "timeframe": null,
        "managementZone": null
      },
      "markdown": "## [StepHeader8](#dashboard;id=a7340848-3f03-4155-ac08-d8ea4a7da313)"
    },
    {
      "name": "DTAQL",
      "tileType": "DTAQL",
      "configured": true,
      "bounds": {
        "top": 38,
        "left": 1976,
        "width": 228,
        "height": 152
      },
      "tileFilter": {
        "timeframe": null,
        "managementZone": null
      },
      "customName": "StepHeader9",
      "query": "select count(usersessionid) as \"Sessions\" from usersession where useraction.name=\"Step1\" and useraction.name=\"Step2\" and useraction.name=\"Step3\" and useraction.name=\"Step4\" and useraction.name=\"Step5\" and useraction.name=\"Step6\"  and useraction.name=\"Step7\"  and useraction.name=\"Step8\"  and useraction.name=\"Step9\" ",
      "type": "SINGLE_VALUE",
      "timeFrameShift": "-2h"
    },
    {
      "name": "DTAQL",
      "tileType": "DTAQL",
      "configured": true,
      "bounds": {
        "top": 190,
        "left": 1976,
        "width": 228,
        "height": 152
      },
      "tileFilter": {
        "timeframe": null,
        "managementZone": null
      },
      "customName": "StepHeader9",
      "query": "select count(usersessionid) as \"Abandons\" from usersession where useraction.name=\"Step1\" and useraction.name=\"Step2\" and useraction.name=\"Step3\"  and useraction.name=\"Step4\" and useraction.name=\"Step5\" and useraction.name=\"Step6\" and useraction.name=\"Step7\" and useraction.name=\"Step8\" and useraction.name=\"Step9\" and useraction.name!=\"Step10\"",
      "type": "SINGLE_VALUE",
      "timeFrameShift": "-2h"
    },
    {
      "name": "DTAQL",
      "tileType": "DTAQL",
      "configured": true,
      "bounds": {
        "top": 342,
        "left": 1976,
        "width": 228,
        "height": 152
      },
      "tileFilter": {
        "timeframe": null,
        "managementZone": null
      },
      "customName": "StepHeader9",
      "query": "select avg(duration) as \"Duration\" from useraction where name=\"Step9\"",
      "type": "SINGLE_VALUE",
      "timeFrameShift": "-2h"
    },
    {
      "name": "DTAQL",
      "tileType": "DTAQL",
      "configured": true,
      "bounds": {
        "top": 494,
        "left": 1976,
        "width": 228,
        "height": 152
      },
      "tileFilter": {
        "timeframe": null,
        "managementZone": null
      },
      "customName": "StepHeader9",
      "query": "select sum(usersession.totalErrorCount) as \"Errors\" from useraction where name=\"Step9\"",
      "type": "SINGLE_VALUE",
      "timeFrameShift": "-2h"
    },
    {
      "name": "Markdown",
      "tileType": "MARKDOWN",
      "configured": true,
      "bounds": {
        "top": 0,
        "left": 1976,
        "width": 228,
        "height": 38
      },
      "tileFilter": {
        "timeframe": null,
        "managementZone": null
      },
      "markdown": "## [StepHeader9](#dashboard;id=a7340848-3f03-4155-ac09-d8ea4a7da313)"
    },
    {
      "name": "DTAQL",
      "tileType": "DTAQL",
      "configured": true,
      "bounds": {
        "top": 38,
        "left": 2204,
        "width": 228,
        "height": 152
      },
      "tileFilter": {
        "timeframe": null,
        "managementZone": null
      },
      "customName": "StepHeader10",
      "query": "select count(usersessionid) as \"Sessions\" from usersession where useraction.name=\"Step1\" and useraction.name=\"Step2\" and useraction.name=\"Step3\" and useraction.name=\"Step4\" and useraction.name=\"Step5\" and useraction.name=\"Step6\"  and useraction.name=\"Step7\"  and useraction.name=\"Step8\"  and useraction.name=\"Step9\"  and useraction.name=\"Step10\" ",
      "type": "SINGLE_VALUE",
      "timeFrameShift": "-2h"
    },
    {
      "name": "DTAQL",
      "tileType": "DTAQL",
      "configured": true,
      "bounds": {
        "top": 190,
        "left": 2204,
        "width": 228,
        "height": 152
      },
      "tileFilter": {
        "timeframe": null,
        "managementZone": null
      },
      "customName": "StepHeader10",
      "query": "select count(usersessionid) as \"Abandons\" from usersession where useraction.name=\"foo\"",
      "type": "SINGLE_VALUE",
      "timeFrameShift": "-2h"
    },
    {
      "name": "DTAQL",
      "tileType": "DTAQL",
      "configured": true,
      "bounds": {
        "top": 342,
        "left": 2204,
        "width": 228,
        "height": 152
      },
      "tileFilter": {
        "timeframe": null,
        "managementZone": null
      },
      "customName": "StepHeader10",
      "query": "select avg(duration) as \"Duration\" from useraction where name=\"Step10\"",
      "type": "SINGLE_VALUE",
      "timeFrameShift": "-2h"
    },
    {
      "name": "DTAQL",
      "tileType": "DTAQL",
      "configured": true,
      "bounds": {
        "top": 494,
        "left": 2204,
        "width": 228,
        "height": 152
      },
      "tileFilter": {
        "timeframe": null,
        "managementZone": null
      },
      "customName": "StepHeader10",
      "query": "select sum(usersession.totalErrorCount) as \"Errors\" from useraction where name=\"Step10\"",
      "type": "SINGLE_VALUE",
      "timeFrameShift": "-2h"
    },
    {
      "name": "DTAQL",
      "tileType": "DTAQL",
      "configured": true,
      "bounds": {
        "top": 646,
        "left": 152,
        "width": 228,
        "height": 228
      },
      "tileFilter": {
        "timeframe": null,
        "managementZone": null
      },
      "customName": "StepHeader1",
      "query": "select userExperienceScore as \"Experience Score\", count(*) as \"Count\" from usersession WHERE useraction.name=\"Step1\" GROUP BY userExperienceScore ORDER BY count(*) DESC",
      "type": "TABLE",
      "timeFrameShift": "-2h"
    },
    {
      "name": "Experience",
      "tileType": "HEADER",
      "configured": true,
      "bounds": {
        "top": 722,
        "left": 0,
        "width": 152,
        "height": 38
      },
      "tileFilter": {
        "timeframe": null,
        "managementZone": null
      }
    },
    {
      "name": "DTAQL",
      "tileType": "DTAQL",
      "configured": true,
      "bounds": {
        "top": 646,
        "left": 380,
        "width": 228,
        "height": 228
      },
      "tileFilter": {
        "timeframe": null,
        "managementZone": null
      },
      "customName": "StepHeader2",
      "query": "select userExperienceScore as \"Experience Score\", count(*) as \"Count\" from usersession WHERE useraction.name=\"Step1\" and useraction.name=\"Step2\" GROUP BY userExperienceScore ORDER BY count(*) DESC",
      "type": "TABLE",
      "timeFrameShift": "-2h"
    },
    {
      "name": "DTAQL",
      "tileType": "DTAQL",
      "configured": true,
      "bounds": {
        "top": 646,
        "left": 608,
        "width": 228,
        "height": 228
      },
      "tileFilter": {
        "timeframe": null,
        "managementZone": null
      },
      "customName": "StepHeader3",
      "query": "select userExperienceScore as \"Experience Score\", count(*) as \"Count\" from usersession WHERE useraction.name=\"Step1\" and useraction.name=\"Step2\" and useraction.name=\"Step3\" GROUP BY userExperienceScore ORDER BY count(*) DESC",
      "type": "TABLE",
      "timeFrameShift": "-2h"
    },
    {
      "name": "DTAQL",
      "tileType": "DTAQL",
      "configured": true,
      "bounds": {
        "top": 646,
        "left": 836,
        "width": 228,
        "height": 228
      },
      "tileFilter": {
        "timeframe": null,
        "managementZone": null
      },
      "customName": "StepHeader4",
      "query": "select userExperienceScore as \"Experience Score\", count(*) as \"Count\" from usersession WHERE useraction.name=\"Step1\" and useraction.name=\"Step2\" and useraction.name=\"Step3\" and useraction.name=\"Step4\" GROUP BY userExperienceScore ORDER BY count(*) DESC",
      "type": "TABLE",
      "timeFrameShift": "-2h"
    },
    {
      "name": "DTAQL",
      "tileType": "DTAQL",
      "configured": true,
      "bounds": {
        "top": 646,
        "left": 1064,
        "width": 228,
        "height": 228
      },
      "tileFilter": {
        "timeframe": null,
        "managementZone": null
      },
      "customName": "StepHeader5",
      "query": "select userExperienceScore as \"Experience Score\", count(*) as \"Count\" from usersession WHERE useraction.name=\"Step1\" and useraction.name=\"Step2\" and useraction.name=\"Step3\" and useraction.name=\"Step4\" and useraction.name=\"Step5\" GROUP BY userExperienceScore ORDER BY count(*) DESC",
      "type": "TABLE",
      "timeFrameShift": "-2h"
    },
    {
      "name": "DTAQL",
      "tileType": "DTAQL",
      "configured": true,
      "bounds": {
        "top": 646,
        "left": 1292,
        "width": 228,
        "height": 228
      },
      "tileFilter": {
        "timeframe": null,
        "managementZone": null
      },
      "customName": "StepHeader6",
      "query": "select userExperienceScore as \"Experience Score\", count(*) as \"Count\" from usersession WHERE useraction.name=\"Step1\" and useraction.name=\"Step2\" and useraction.name=\"Step3\" and useraction.name=\"Step4\" and useraction.name=\"Step5\" and useraction.name=\"Step6\" GROUP BY userExperienceScore ORDER BY count(*) DESC",
      "type": "TABLE",
      "timeFrameShift": "-2h"
    },
    {
      "name": "DTAQL",
      "tileType": "DTAQL",
      "configured": true,
      "bounds": {
        "top": 646,
        "left": 1520,
        "width": 228,
        "height": 228
      },
      "tileFilter": {
        "timeframe": null,
        "managementZone": null
      },
      "customName": "StepHeader7",
      "query": "select userExperienceScore as \"Experience Score\", count(*) as \"Count\" from usersession WHERE useraction.name=\"Step1\" and useraction.name=\"Step2\" and useraction.name=\"Step3\" and useraction.name=\"Step4\" and useraction.name=\"Step5\" and useraction.name=\"Step6\" and useraction.name=\"Step7\" GROUP BY userExperienceScore ORDER BY count(*) DESC",
      "type": "TABLE",
      "timeFrameShift": "-2h"
    },
    {
      "name": "DTAQL",
      "tileType": "DTAQL",
      "configured": true,
      "bounds": {
        "top": 646,
        "left": 1748,
        "width": 228,
        "height": 228
      },
      "tileFilter": {
        "timeframe": null,
        "managementZone": null
      },
      "customName": "StepHeader8",
      "query": "select userExperienceScore as \"Experience Score\", count(*) as \"Count\" from usersession WHERE useraction.name=\"Step1\" and useraction.name=\"Step2\" and useraction.name=\"Step3\" and useraction.name=\"Step4\" and useraction.name=\"Step5\" and useraction.name=\"Step6\" and useraction.name=\"Step7\" and useraction.name=\"Step8\" GROUP BY userExperienceScore ORDER BY count(*) DESC",
      "type": "TABLE",
      "timeFrameShift": "-2h"
    },
    {
      "name": "DTAQL",
      "tileType": "DTAQL",
      "configured": true,
      "bounds": {
        "top": 646,
        "left": 1976,
        "width": 228,
        "height": 228
      },
      "tileFilter": {
        "timeframe": null,
        "managementZone": null
      },
      "customName": "StepHeader9",
      "query": "select userExperienceScore as \"Experience Score\", count(*) as \"Count\" from usersession WHERE useraction.name=\"Step1\" and useraction.name=\"Step2\" and useraction.name=\"Step3\" and useraction.name=\"Step4\" and useraction.name=\"Step5\" and useraction.name=\"Step6\" and useraction.name=\"Step7\" and useraction.name=\"Step8\" and useraction.name=\"Step9\" GROUP BY userExperienceScore ORDER BY count(*) DESC",
      "type": "TABLE",
      "timeFrameShift": "-2h"
    },
    {
      "name": "DTAQL",
      "tileType": "DTAQL",
      "configured": true,
      "bounds": {
        "top": 646,
        "left": 2204,
        "width": 228,
        "height": 228
      },
      "tileFilter": {
        "timeframe": null,
        "managementZone": null
      },
      "customName": "StepHeader10",
      "query": "select userExperienceScore as \"Experience Score\", count(*) as \"Count\" from usersession WHERE useraction.name=\"Step1\" and useraction.name=\"Step2\" and useraction.name=\"Step3\" and useraction.name=\"Step4\" and useraction.name=\"Step5\" and useraction.name=\"Step6\" and useraction.name=\"Step7\" and useraction.name=\"Step8\" and useraction.name=\"Step9\" and useraction.name=\"Step10\" GROUP BY userExperienceScore ORDER BY count(*) DESC",
      "type": "TABLE",
      "timeFrameShift": "-2h"
    }
  ]
}