{
  "metadata": {
    "configurationVersions": [
      2
    ],
    "clusterVersion": "1.178.0.20190912-162200"
  },
  "id": "d4db8e38-000f-42df-85a9-d491d34da000",
  "dashboardMetadata": {
    "name": "Key Store",
    "shared": false,
    "owner": "MyEmail",
    "sharingDetails": {
      "linkShared": true,
      "published": false
    },
    "dashboardFilter": {
      "timeframe": "",
      "managementZone": null
    }
  },
  "tiles": [
    {
      "name": "Markdown",
      "tileType": "MARKDOWN",
      "configured": true,
      "bounds": {
        "top": 0,
        "left": 1520,
        "width": 152,
        "height": 38
      },
      "tileFilter": {
        "timeframe": null,
        "managementZone": null
      },
      "markdown": "## \ud83d\ude80 [Return](#dashboard;id=fbe8d3b1-ccb9-480c-9e5d-0e1b8b4da313)"
    },
    {
      "name": "Markdown",
      "tileType": "MARKDOWN",
      "configured": true,
      "bounds": {
        "top": 0,
        "left": 342,
        "width": 1178,
        "height": 1444
      },
      "tileFilter": {
        "timeframe": null,
        "managementZone": null
      },
      "markdown": "## Dynatrace Dashboard Key Store\n \n##  "
    }
  ]
}