﻿{
  "metadata": {
    "configurationVersions": [
      2
    ],
    "clusterVersion": "1.178.0.20190909-211222"
  },
  "id": "6e481cc8-bea9-46ba-b1f8-23ebcc1da313",
  "dashboardMetadata": {
    "name": "\u27b2 MyFunnel Overview",
    "shared": true,
    "owner": "MyEmail",
    "sharingDetails": {
      "linkShared": false,
      "published": true
    },
    "dashboardFilter": {
      "timeframe": "l_2_HOURS",
      "managementZone": null
    }
  },
  "tiles": [
    {
      "name": "Markdown",
      "tileType": "MARKDOWN",
      "configured": true,
      "bounds": {
        "top": 76,
        "left": 1368,
        "width": 266,
        "height": 38
      },
      "tileFilter": {
        "timeframe": null,
        "managementZone": null
      },
      "markdown": "## \ud83d\udd74 [Executive Overview](#dashboard;id=3aa5be20-8833-4af1-a847-2f84cb5da313)"
    },
    {
      "name": "Markdown",
      "tileType": "MARKDOWN",
      "configured": true,
      "bounds": {
        "top": 152,
        "left": 1368,
        "width": 266,
        "height": 38
      },
      "tileFilter": {
        "timeframe": null,
        "managementZone": null
      },
      "markdown": "## \u2615 [Marketing Overview](#dashboard;id=934b0dce-bbf4-443d-b0f0-e370faeda313)"
    },
    {
      "name": "Markdown",
      "tileType": "MARKDOWN",
      "configured": true,
      "bounds": {
        "top": 228,
        "left": 1368,
        "width": 228,
        "height": 38
      },
      "tileFilter": {
        "timeframe": null,
        "managementZone": null
      },
      "markdown": "## \ud83d\udcb2 [Revenue Analysis](#dashboard;id=f8c73b94-d5ef-4cbf-bcb8-d866c91da313)"
    },
    {
      "name": "Markdown",
      "tileType": "MARKDOWN",
      "configured": true,
      "bounds": {
        "top": 304,
        "left": 1368,
        "width": 266,
        "height": 38
      },
      "tileFilter": {
        "timeframe": null,
        "managementZone": null
      },
      "markdown": "## \ud83d\uded2 [MyFunnel Funnel](#dashboard;id=65312f05-ca6c-4896-b2b4-1bc8ce3da313)"
    },
    {
      "name": "Markdown",
      "tileType": "MARKDOWN",
      "configured": true,
      "bounds": {
        "top": 380,
        "left": 1368,
        "width": 266,
        "height": 38
      },
      "tileFilter": {
        "timeframe": null,
        "managementZone": null
      },
      "markdown": "## \uD83C\uDFC1 [Conversion Analysis](#dashboard;id=ba9ecfe5-e7ec-451d-a187-060a724da313)"
    },
    {
      "name": "Markdown",
      "tileType": "MARKDOWN",
      "configured": true,
      "bounds": {
        "top": 456,
        "left": 1368,
        "width": 228,
        "height": 38
      },
      "tileFilter": {
        "timeframe": null,
        "managementZone": null
      },
      "markdown": "## \u2620 [Abandon Analysis](#dashboard;id=7afde609-dbbe-486f-b2c0-0bde4c4da313)"
    },
    {
      "name": "Markdown",
      "tileType": "MARKDOWN",
      "configured": true,
      "bounds": {
        "top": 532,
        "left": 1368,
        "width": 228,
        "height": 38
      },
      "tileFilter": {
        "timeframe": null,
        "managementZone": null
      },
      "markdown": "## \u23f1 [Duration Analysis](#dashboard;id=c16cb11a-22be-41ab-a336-412369ada313)"
    },
    {
      "name": "Markdown",
      "tileType": "MARKDOWN",
      "configured": true,
      "bounds": {
        "top": 608,
        "left": 1368,
        "width": 228,
        "height": 38
      },
      "tileFilter": {
        "timeframe": null,
        "managementZone": null
      },
      "markdown": "## \uD83D\uDEA8 [Error Analysis](#dashboard;id=8a487b1b-c491-41f7-adf2-7460165da313)"
    },
    {
      "name": "Markdown",
      "tileType": "MARKDOWN",
      "configured": true,
      "bounds": {
        "top": 684,
        "left": 1368,
        "width": 228,
        "height": 38
      },
      "tileFilter": {
        "timeframe": null,
        "managementZone": null
      },
      "markdown": "## \ud83d\ude21 [Rage Analysis](#dashboard;id=7eb2b38c-bae4-46c5-8955-c3eabb9da313)"
    },
    {
      "name": "Markdown",
      "tileType": "MARKDOWN",
      "configured": true,
      "bounds": {
        "top": 760,
        "left": 1368,
        "width": 266,
        "height": 38
      },
      "tileFilter": {
        "timeframe": null,
        "managementZone": null
      },
      "markdown": "## \uD83D\uDE34 [Nonengaged Analysis](#dashboard;id=7f063e1f-e142-44f1-81a0-523f7e5da313)"
    },
    {
      "name": "User Sessions Query",
      "tileType": "DTAQL",
      "configured": true,
      "bounds": {
        "top": 342,
        "left": 0,
        "width": 266,
        "height": 152
      },
      "tileFilter": {
        "timeframe": null,
        "managementZone": null
      },
      "customName": "Revenue",
      "query": "select sum(revenueproperty) as \"Revenue\" FROM usersession where useraction.application=\"MyApp\" and useraction.name=\"LastStep\"",
      "type": "SINGLE_VALUE",
      "timeFrameShift": "-2h"
    },
    {
      "name": "User Sessions Query",
      "tileType": "DTAQL",
      "configured": true,
      "bounds": {
        "top": 342,
        "left": 532,
        "width": 266,
        "height": 152
      },
      "tileFilter": {
        "timeframe": null,
        "managementZone": null
      },
      "customName": "Lost Revenue",
      "query": "select sum(revenueproperty) as \"Lost Revenue\" FROM usersession where useraction.application=\"MyApp\" and useraction.name!=\"LastStep\"",
      "type": "SINGLE_VALUE",
      "timeFrameShift": "-2h"
    },
    {
      "name": "User Sessions Query",
      "tileType": "DTAQL",
      "configured": true,
      "bounds": {
        "top": 494,
        "left": 798,
        "width": 266,
        "height": 152
      },
      "tileFilter": {
        "timeframe": null,
        "managementZone": null
      },
      "customName": "Rage Clicks",
      "query": "select sum(numberOfRageClicks) as \"Rage Clicks\" FROM usersession where useraction.application=\"MyApp\"",
      "type": "SINGLE_VALUE",
      "timeFrameShift": "-2h"
    },
    {
      "name": "User Sessions Query",
      "tileType": "DTAQL",
      "configured": true,
      "bounds": {
        "top": 342,
        "left": 266,
        "width": 266,
        "height": 152
      },
      "tileFilter": {
        "timeframe": null,
        "managementZone": null
      },
      "customName": "Risk Revenue",
      "query": "select sum(revenueproperty) as \"Risk Revenue\" FROM usersession where useraction.application=\"MyApp\" and useraction.name = \"LastStep\" and (userExperienceScore =\"TOLERATED\" or userExperienceScore =\"FRUSTRATED\" or userExperienceScore =\"UNDEFINED\")",
      "type": "SINGLE_VALUE",
      "timeFrameShift": "-2h"
    },
    {
      "name": "DTAQL",
      "tileType": "DTAQL",
      "configured": true,
      "bounds": {
        "top": 494,
        "left": 0,
        "width": 266,
        "height": 152
      },
      "tileFilter": {
        "timeframe": null,
        "managementZone": null
      },
      "customName": "Satisfied Users",
      "query": "select count(usersessionid) as \"Conversions\" from usersession where useraction.application=\"MyApp\" and useraction.name in (\"LastStep\") and userExperienceScore=\"SATISFIED\" and revenueproperty>0",
      "type": "SINGLE_VALUE",
      "timeFrameShift": "-2h"
    },
    {
      "name": "DTAQL",
      "tileType": "DTAQL",
      "configured": true,
      "bounds": {
        "top": 494,
        "left": 266,
        "width": 266,
        "height": 152
      },
      "tileFilter": {
        "timeframe": null,
        "managementZone": null
      },
      "customName": "Tolerated Users",
      "query": "select count(usersessionid) as \"Conversions\" from usersession where useraction.application=\"MyApp\" and useraction.name in (\"LastStep\") and userExperienceScore=\"TOLERATED\" and revenueproperty>0",
      "type": "SINGLE_VALUE",
      "timeFrameShift": "-2h"
    },
    {
      "name": "DTAQL",
      "tileType": "DTAQL",
      "configured": true,
      "bounds": {
        "top": 494,
        "left": 532,
        "width": 266,
        "height": 152
      },
      "tileFilter": {
        "timeframe": null,
        "managementZone": null
      },
      "customName": "Frustrated Users",
      "query": "select count(usersessionid) as \"Conversions\" from usersession where useraction.application=\"MyApp\" and useraction.name in (\"LastStep\") and userExperienceScore=\"FRUSTRATED\" and revenueproperty>0",
      "type": "SINGLE_VALUE",
      "timeFrameShift": "-2h"
    },
    {
      "name": "User Sessions Query",
      "tileType": "DTAQL",
      "configured": true,
      "bounds": {
        "top": 494,
        "left": 1064,
        "width": 266,
        "height": 152
      },
      "tileFilter": {
        "timeframe": null,
        "managementZone": null
      },
      "customName": "Nonengaged Sessions",
      "query": "select count(usersessionid) as \"Nonengaged Sessions\" from usersession where useraction.application=\"MyApp\" and duration > 180000 and userActionCount < 10",
      "type": "SINGLE_VALUE",
      "timeFrameShift": "-2h"
    },
    {
      "name": "DTAQL",
      "tileType": "DTAQL",
      "configured": true,
      "bounds": {
        "top": 646,
        "left": 0,
        "width": 266,
        "height": 152
      },
      "tileFilter": {
        "timeframe": null,
        "managementZone": null
      },
      "customName": "Satisfied Users",
      "query": "select count(usersessionid) as \"Abandons\" from usersession where useraction.application=\"MyApp\" and useraction.name=\"Step1\" and useraction.name !=\"LastStep\" and userExperienceScore=\"SATISFIED\" and revenueproperty>0",
      "type": "SINGLE_VALUE",
      "timeFrameShift": "-2h"
    },
    {
      "name": "DTAQL",
      "tileType": "DTAQL",
      "configured": true,
      "bounds": {
        "top": 646,
        "left": 266,
        "width": 266,
        "height": 152
      },
      "tileFilter": {
        "timeframe": null,
        "managementZone": null
      },
      "customName": "Tolerated Users",
      "query": "select count(usersessionid) as \"Abandons\" from usersession where useraction.application=\"MyApp\" and useraction.name=\"Step1\" and useraction.name !=\"LastStep\" and userExperienceScore=\"TOLERATED\" and revenueproperty>0",
      "type": "SINGLE_VALUE",
      "timeFrameShift": "-2h"
    },
    {
      "name": "DTAQL",
      "tileType": "DTAQL",
      "configured": true,
      "bounds": {
        "top": 646,
        "left": 532,
        "width": 266,
        "height": 152
      },
      "tileFilter": {
        "timeframe": null,
        "managementZone": null
      },
      "customName": "Frustrated Users",
      "query": "select count(usersessionid) as \"Abandons\" from usersession where useraction.application=\"MyApp\" and useraction.name=\"Step1\" and useraction.name !=\"LastStep\" and userExperienceScore=\"FRUSTRATED\" and revenueproperty>0",
      "type": "SINGLE_VALUE",
      "timeFrameShift": "-2h"
    },
    {
      "name": "User Sessions Query",
      "tileType": "DTAQL",
      "configured": true,
      "bounds": {
        "top": 646,
        "left": 798,
        "width": 266,
        "height": 152
      },
      "tileFilter": {
        "timeframe": null,
        "managementZone": null
      },
      "customName": "Duration",
      "query": "select AVG(duration) as \"Duration\" from useraction where useraction.application=\"MyApp\"",
      "type": "SINGLE_VALUE",
      "timeFrameShift": "-2h"
    },
    {
      "name": "User Sessions Query",
      "tileType": "DTAQL",
      "configured": true,
      "bounds": {
        "top": 646,
        "left": 1064,
        "width": 266,
        "height": 152
      },
      "tileFilter": {
        "timeframe": null,
        "managementZone": null
      },
      "customName": "Errors",
      "query": "select sum(usersession.totalErrorCount) as \"Errors\" from useraction where useraction.application=\"MyApp\"",
      "type": "SINGLE_VALUE",
      "timeFrameShift": "-2h"
    },
    {
      "name": "User Sessions Query",
      "tileType": "DTAQL",
      "configured": true,
      "bounds": {
        "top": 342,
        "left": 798,
        "width": 266,
        "height": 152
      },
      "tileFilter": {
        "timeframe": null,
        "managementZone": null
      },
      "customName": "New User Revenue",
      "query": "select sum(revenueproperty) as \"Revenue\" FROM usersession where useraction.application=\"MyApp\" and useraction.name=\"Step1\" and useraction.name=\"LastStep\" and newUser IS true",
      "type": "SINGLE_VALUE",
      "timeFrameShift": "-2h"
    },
    {
      "name": "User Sessions Query",
      "tileType": "DTAQL",
      "configured": true,
      "bounds": {
        "top": 342,
        "left": 1064,
        "width": 266,
        "height": 152
      },
      "tileFilter": {
        "timeframe": null,
        "managementZone": null
      },
      "customName": "Returning User Revenue",
      "query": "select sum(revenueproperty) as \"Revenue\" FROM usersession where useraction.application=\"MyApp\" and useraction.name=\"Step1\" and useraction.name=\"LastStep\" and newUser IS false",
      "type": "SINGLE_VALUE",
      "timeFrameShift": "-2h"
    },
    {
      "name": "Markdown",
      "tileType": "MARKDOWN",
      "configured": true,
      "bounds": {
        "top": 0,
        "left": 1368,
        "width": 228,
        "height": 38
      },
      "tileFilter": {
        "timeframe": null,
        "managementZone": null
      },
      "markdown": "## \ud83c\udfac [Return](#dashboard;id=fbe8d3b1-ccb9-480c-9e5d-0e1b8b3da313)"
    },
    {
      "name": "User Sessions Query",
      "tileType": "DTAQL",
      "configured": true,
      "bounds": {
        "top": 0,
        "left": 0,
        "width": 418,
        "height": 342
      },
      "tileFilter": {
        "timeframe": null,
        "managementZone": null
      },
      "customName": "Revenue",
      "query": "select userExperienceScore, sum(revenueproperty) as \"Revenue\" FROM usersession where useraction.application=\"MyApp\" and useraction.name=\"LastStep\" group by userExperienceScore",
      "type": "PIE_CHART"
    },
    {
      "name": "User Sessions Query",
      "tileType": "DTAQL",
      "configured": true,
      "bounds": {
        "top": 0,
        "left": 456,
        "width": 418,
        "height": 342
      },
      "tileFilter": {
        "timeframe": null,
        "managementZone": null
      },
      "customName": "Conversions",
      "query": "select userExperienceScore, count(usersessionid) as \"Conversions\" from usersession where useraction.application=\"MyApp\" and useraction.name in (\"LastStep\") group by userExperienceScore",
      "type": "PIE_CHART"
    },
    {
      "name": "User Sessions Query",
      "tileType": "DTAQL",
      "configured": true,
      "bounds": {
        "top": 0,
        "left": 912,
        "width": 418,
        "height": 342
      },
      "tileFilter": {
        "timeframe": null,
        "managementZone": null
      },
      "customName": "Abandons",
      "query": "select userExperienceScore, count(usersessionid) as \"Abandons\" from usersession where useraction.application=\"MyApp\" and useraction.name = \"Step1\" and useraction.name!=\"LastStep\" group by userExperienceScore",
      "type": "PIE_CHART"
    },
    {
      "name": "Markdown",
      "tileType": "MARKDOWN",
      "configured": true,
      "bounds": {
        "top": 798,
        "left": 0,
        "width": 266,
        "height": 38
      },
      "tileFilter": {
        "timeframe": null,
        "managementZone": null
      },
      "markdown": "## [Overview Compare](#dashboard;id=6e481cc8-bea9-46ba-b1f8-23ebdd1da313)"
    }
  ]
}