﻿{
	"metadata": {
		"configurationVersions": [
			2
		],
		"clusterVersion": "1.175.0.20190729-125021"
	},
	"id": "7eb2b38c-bae4-46c5-8955-c3eabb9da313",
	"dashboardMetadata": {
		"name": "\ud83d\ude21 Rage Analysis",
		"shared": true,
		"owner": "MyEmail",
		"sharingDetails": {
			"linkShared": true,
			"published": true
		},
		"dashboardFilter": {
			"timeframe": "l_2_HOURS",
			"managementZone": null
		}
	},
	"tiles": [
		{
			"name": "User Sessions Query",
			"tileType": "DTAQL",
			"configured": true,
			"bounds": {
				"top": 38,
				"left": 1368,
				"width": 266,
				"height": 152
			},
			"tileFilter": {
				"timeframe": null,
				"managementZone": null
			},
			"customName": "\uD83D\uDE22",
			"query": "select count(distinct userSessionId) as \"Conversions\"  FROM usersession where useraction.application=\"MyApp\" and\n\tnumberOfRageClicks> 3 and useraction.name=\"LastStep\" and\n\trevenueproperty>0\n\n",
			"type": "SINGLE_VALUE", "timeFrameShift": "-2h"
		},
		{
			"name": "DTAQL",
			"tileType": "DTAQL",
			"configured": true,
			"bounds": {
				"top": 38,
				"left": 1102,
				"width": 266,
				"height": 152
			},
			"tileFilter": {
				"timeframe": null,
				"managementZone": null
			},
			"customName": "\uD83D\uDE41",
			"query": "select count(distinct userSessionId) as \"Conversions\"  FROM usersession where useraction.application=\"MyApp\" and\n\tnumberOfRageClicks BETWEEN 1 and 3 and useraction.name=\"LastStep\" and\n\trevenueproperty>0",
			"type": "SINGLE_VALUE", "timeFrameShift": "-2h"
		},
		{
			"name": "DTAQL",
			"tileType": "DTAQL",
			"configured": true,
			"bounds": {
				"top": 38,
				"left": 836,
				"width": 266,
				"height": 152
			},
			"tileFilter": {
				"timeframe": null,
				"managementZone": null
			},
			"customName": "\uD83D\uDE03",
			"query": "select count(distinct userSessionId) as \"Conversions\"  FROM usersession where useraction.application=\"MyApp\" and\n\tnumberOfRageClicks=0 and useraction.name=\"LastStep\" and\n\trevenueproperty>0\n",
			"type": "SINGLE_VALUE", "timeFrameShift": "-2h"
		},
		{
			"name": "Markdown",
			"tileType": "MARKDOWN",
			"configured": true,
			"bounds": {
				"top": 0,
				"left": 1558,
				"width": 114,
				"height": 38
			},
			"tileFilter": {
				"timeframe": null,
				"managementZone": null
			},
			"markdown": "## [Return](#dashboard;id=6e481cc8-bea9-46ba-b1f8-23ebcc1da313)"
		},
		{
			"name": "Markdown",
			"tileType": "MARKDOWN",
			"configured": true,
			"bounds": {
				"top": 0,
				"left": 836,
				"width": 266,
				"height": 38
			},
			"tileFilter": {
				"timeframe": null,
				"managementZone": null
			},
			"markdown": "## [Clear Conversions (0)](https://MyTenant/ui/user-sessions/query?sessionquery=select%20userid%20as%20%22User%22,%20revenueproperty%20as%20%22Revenue%22%20%20FROM%20usersession%20where%0A%09numberOfRageClicks%3D0%20and%20useraction.name%3D%22LastStep%22%20and%0A%09revenueproperty%3E0%20order%20by%20revenueproperty%20DESC%0A&visualization=TABLE)"
		},
		{
			"name": "Markdown",
			"tileType": "MARKDOWN",
			"configured": true,
			"bounds": {
				"top": 0,
				"left": 1102,
				"width": 266,
				"height": 38
			},
			"tileFilter": {
				"timeframe": null,
				"managementZone": null
			},
			"markdown": "## [Low Conversions (1-3)](https://MyTenant/ui/user-sessions/query?sessionquery=select%20userid%20as%20%22User%22,%20revenueproperty%20as%20%22Revenue%22,%20numberOfRageClicks%20as%20%22Rages%22%20%20FROM%20usersession%20where%0A%09numberOfRageClicks%20BETWEEN%201%20and%203%20and%20useraction.name%3D%22LastStep%22%20and%0A%09revenueproperty%3E0%20order%20by%20Rages%20DESC%0A&visualization=TABLE)"
		},
		{
			"name": "Markdown",
			"tileType": "MARKDOWN",
			"configured": true,
			"bounds": {
				"top": 0,
				"left": 1368,
				"width": 190,
				"height": 38
			},
			"tileFilter": {
				"timeframe": null,
				"managementZone": null
			},
			"markdown": "## [High Conversions (3+)](https://MyTenant/ui/user-sessions/query?sessionquery=select%20userid%20as%20%22User%22,revenueproperty%20as%20%22Revenue%22,%20numberOfRageClicks%20as%20%22Rages%22%20%20FROM%20usersession%20where%0A%09numberOfRageClicks%20%3E%202%20and%20useraction.name%3D%22LastStep%22%20and%0A%09revenueproperty%3E0%20order%20by%20numberOfRageClicks%20DESC%0A&visualization=TABLE)"
		},
		{
			"name": "DTAQL",
			"tileType": "DTAQL",
			"configured": true,
			"bounds": {
				"top": 38,
				"left": 0,
				"width": 266,
				"height": 152
			},
			"tileFilter": {
				"timeframe": null,
				"managementZone": null
			},
			"customName": "\uD83D\uDE03",
			"query": "select sum(revenueproperty) as \"Revenue\"  FROM usersession where useraction.application=\"MyApp\" and\n\tnumberOfRageClicks=0 and useraction.name=\"LastStep\" and\n\trevenueproperty>0\n",
			"type": "SINGLE_VALUE", "timeFrameShift": "-2h"
		},
		{
			"name": "DTAQL",
			"tileType": "DTAQL",
			"configured": true,
			"bounds": {
				"top": 38,
				"left": 266,
				"width": 266,
				"height": 152
			},
			"tileFilter": {
				"timeframe": null,
				"managementZone": null
			},
			"customName": "\uD83D\uDE41",
			"query": "select sum(revenueproperty) as \"Revenue\"  FROM usersession where useraction.application=\"MyApp\" and\n\tnumberOfRageClicks BETWEEN 1 and 3 and useraction.name=\"LastStep\" and\n\trevenueproperty>0",
			"type": "SINGLE_VALUE", "timeFrameShift": "-2h"
		},
		{
			"name": "DTAQL",
			"tileType": "DTAQL",
			"configured": true,
			"bounds": {
				"top": 38,
				"left": 532,
				"width": 266,
				"height": 152
			},
			"tileFilter": {
				"timeframe": null,
				"managementZone": null
			},
			"customName": "\uD83D\uDE22",
			"query": "select sum(revenueproperty) as \"Revenue\"  FROM usersession where useraction.application=\"MyApp\" and\n\tnumberOfRageClicks> 3 and useraction.name=\"LastStep\" and\n\trevenueproperty>0\n",
			"type": "SINGLE_VALUE", "timeFrameShift": "-2h"
		},
		{
			"name": "Markdown",
			"tileType": "MARKDOWN",
			"configured": true,
			"bounds": {
				"top": 0,
				"left": 0,
				"width": 266,
				"height": 38
			},
			"tileFilter": {
				"timeframe": null,
				"managementZone": null
			},
			"markdown": "## [Clear Revenue (0)](https://MyTenant/ui/user-sessions/query?sessionquery=select%20userid%20as%20%22User%22,%20revenueproperty%20as%20%22Revenue%22%20%20FROM%20usersession%20where%0A%09numberOfRageClicks%3D0%20and%20useraction.name%3D%22LastStep%22%20and%0A%09revenueproperty%3E0%20order%20by%20revenueproperty%20DESC%0A&visualization=TABLE)"
		},
		{
			"name": "Markdown",
			"tileType": "MARKDOWN",
			"configured": true,
			"bounds": {
				"top": 0,
				"left": 266,
				"width": 266,
				"height": 38
			},
			"tileFilter": {
				"timeframe": null,
				"managementZone": null
			},
			"markdown": "## [Low Revenue (1-3)](https://MyTenant/ui/user-sessions/query?sessionquery=select%20userid%20as%20%22User%22,%20revenueproperty%20as%20%22Revenue%22,%20numberOfRageClicks%20as%20%22Rages%22%20%20FROM%20usersession%20where%0A%09numberOfRageClicks%20BETWEEN%201%20and%203%20and%20useraction.name%3D%22LastStep%22%20and%0A%09revenueproperty%3E0%20order%20by%20Rages%20DESC%0A&visualization=TABLE)"
		},
		{
			"name": "Markdown",
			"tileType": "MARKDOWN",
			"configured": true,
			"bounds": {
				"top": 0,
				"left": 532,
				"width": 266,
				"height": 38
			},
			"tileFilter": {
				"timeframe": null,
				"managementZone": null
			},
			"markdown": "## [High Revenue (3+)](https://MyTenant/ui/user-sessions/query?sessionquery=select%20userid%20as%20%22User%22,revenueproperty%20as%20%22Revenue%22,%20numberOfRageClicks%20as%20%22Rages%22%20%20FROM%20usersession%20where%0A%09numberOfRageClicks%20%3E%202%20and%20useraction.name%3D%22LastStep%22%20and%0A%09revenueproperty%3E0%20order%20by%20numberOfRageClicks%20DESC%0A&visualization=TABLE)"
		},
		{
			"name": "DTAQL",
			"tileType": "DTAQL",
			"configured": true,
			"bounds": {
				"top": 266,
				"left": 0,
				"width": 266,
				"height": 152
			},
			"tileFilter": {
				"timeframe": null,
				"managementZone": null
			},
			"customName": "\ud83d\udcb0",
			"query": "select sum(revenueproperty) as \"Revenue\"  FROM usersession where useraction.application=\"MyApp\" and\n\tnumberOfRageClicks=0 and useraction.name!=\"LastStep\" and\n\trevenueproperty>0\n",
			"type": "SINGLE_VALUE", "timeFrameShift": "-2h"
		},
		{
			"name": "DTAQL",
			"tileType": "DTAQL",
			"configured": true,
			"bounds": {
				"top": 266,
				"left": 266,
				"width": 266,
				"height": 152
			},
			"tileFilter": {
				"timeframe": null,
				"managementZone": null
			},
			"customName": "\ud83d\udcb0",
			"query": "select sum(revenueproperty) as \"Revenue\"  FROM usersession where useraction.application=\"MyApp\" and\n\tnumberOfRageClicks BETWEEN 1 and 3 and useraction.name!=\"LastStep\" and\n\trevenueproperty>0\n",
			"type": "SINGLE_VALUE", "timeFrameShift": "-2h"
		},
		{
			"name": "DTAQL",
			"tileType": "DTAQL",
			"configured": true,
			"bounds": {
				"top": 266,
				"left": 532,
				"width": 266,
				"height": 152
			},
			"tileFilter": {
				"timeframe": null,
				"managementZone": null
			},
			"customName": "\ud83d\udcb0",
			"query": "select sum(revenueproperty) as \"Revenue\"  FROM usersession where useraction.application=\"MyApp\" and\n\tnumberOfRageClicks> 3 and useraction.name!=\"LastStep\" and\n\trevenueproperty>0\n",
			"type": "SINGLE_VALUE", "timeFrameShift": "-2h"
		},
		{
			"name": "DTAQL",
			"tileType": "DTAQL",
			"configured": true,
			"bounds": {
				"top": 266,
				"left": 836,
				"width": 266,
				"height": 152
			},
			"tileFilter": {
				"timeframe": null,
				"managementZone": null
			},
			"customName": "\u2620",
			"query": "select count(distinct userSessionId) as \"Abandons\"  FROM usersession where useraction.application=\"MyApp\" and\n\tnumberOfRageClicks=0 and useraction.name!=\"LastStep\" and\n\trevenueproperty>0",
			"type": "SINGLE_VALUE", "timeFrameShift": "-2h"
		},
		{
			"name": "DTAQL",
			"tileType": "DTAQL",
			"configured": true,
			"bounds": {
				"top": 266,
				"left": 1102,
				"width": 266,
				"height": 152
			},
			"tileFilter": {
				"timeframe": null,
				"managementZone": null
			},
			"customName": "\u2620",
			"query": "select count(distinct userSessionId) as \"Abandons\"  FROM usersession where useraction.application=\"MyApp\" and\n\tnumberOfRageClicks BETWEEN 1 and 3 and useraction.name!=\"LastStep\" and\n\trevenueproperty>0\n",
			"type": "SINGLE_VALUE", "timeFrameShift": "-2h"
		},
		{
			"name": "User Sessions Query",
			"tileType": "DTAQL",
			"configured": true,
			"bounds": {
				"top": 266,
				"left": 1368,
				"width": 266,
				"height": 152
			},
			"tileFilter": {
				"timeframe": null,
				"managementZone": null
			},
			"customName": "\u2620",
			"query": "select count(distinct userSessionId) as \"Abandons\"  FROM usersession where useraction.application=\"MyApp\" and\n\tnumberOfRageClicks> 3 and useraction.name!=\"LastStep\" and\n\trevenueproperty>0\n",
			"type": "SINGLE_VALUE", "timeFrameShift": "-2h"
		},
		{
			"name": "Markdown",
			"tileType": "MARKDOWN",
			"configured": true,
			"bounds": {
				"top": 228,
				"left": 0,
				"width": 266,
				"height": 38
			},
			"tileFilter": {
				"timeframe": null,
				"managementZone": null
			},
			"markdown": "## [Clear Lost Revenue (0)](https://MyTenant/ui/user-sessions/query?sessionquery=select%20userid%20as%20%22User%22,%20revenueproperty%20as%20%22Revenue%22%20%20FROM%20usersession%20where%0A%09numberOfRageClicks%3D0%20and%20useraction.name!%3D%22LastStep%22%20and%0A%09revenueproperty%3E0%20order%20by%20revenueproperty%20DESC%0A&visualization=TABLE)"
		},
		{
			"name": "Markdown",
			"tileType": "MARKDOWN",
			"configured": true,
			"bounds": {
				"top": 228,
				"left": 266,
				"width": 266,
				"height": 38
			},
			"tileFilter": {
				"timeframe": null,
				"managementZone": null
			},
			"markdown": "## [Low Lost Revenue (1-3)](https://MyTenant/ui/user-sessions/query?sessionquery=select%20userid%20as%20%22User%22,%20revenueproperty%20as%20%22Revenue%22,%20numberOfRageClicks%20as%20%22Rages%22%20%20FROM%20usersession%20where%0A%09numberOfRageClicks%20BETWEEN%201%20and%203%20and%20useraction.name!%3D%22LastStep%22%20and%0A%09revenueproperty%3E0%20order%20by%20Rages%20DESC%0A&visualization=TABLE)"
		},
		{
			"name": "Markdown",
			"tileType": "MARKDOWN",
			"configured": true,
			"bounds": {
				"top": 228,
				"left": 532,
				"width": 266,
				"height": 38
			},
			"tileFilter": {
				"timeframe": null,
				"managementZone": null
			},
			"markdown": "## [High Lost Revenue (3+)](https://MyTenant/ui/user-sessions/query?sessionquery=select%20userid%20as%20%22User%22,revenueproperty%20as%20%22Revenue%22,%20numberOfRageClicks%20as%20%22Rages%22%20%20FROM%20usersession%20where%0A%09numberOfRageClicks%20%3E%202%20and%20useraction.name!%3D%22LastStep%22%20and%0A%09revenueproperty%3E0%20order%20by%20numberOfRageClicks%20DESC%0A&visualization=TABLE)"
		},
		{
			"name": "Markdown",
			"tileType": "MARKDOWN",
			"configured": true,
			"bounds": {
				"top": 228,
				"left": 836,
				"width": 266,
				"height": 38
			},
			"tileFilter": {
				"timeframe": null,
				"managementZone": null
			},
			"markdown": "## [Clear Abandons (0)](https://MyTenant/ui/user-sessions/query?sessionquery=select%20userid%20as%20%22User%22,%20revenueproperty%20as%20%22Revenue%22%20%20FROM%20usersession%20where%0A%09numberOfRageClicks%3D0%20and%20useraction.name!%3D%22LastStep%22%20and%0A%09revenueproperty%3E0%20order%20by%20revenueproperty%20DESC%0A&visualization=TABLE)"
		},
		{
			"name": "Markdown",
			"tileType": "MARKDOWN",
			"configured": true,
			"bounds": {
				"top": 228,
				"left": 1102,
				"width": 266,
				"height": 38
			},
			"tileFilter": {
				"timeframe": null,
				"managementZone": null
			},
			"markdown": "## [Low Abandons (1-3)](https://MyTenant/ui/user-sessions/query?sessionquery=select%20userid%20as%20%22User%22,%20revenueproperty%20as%20%22Revenue%22,%20numberOfRageClicks%20as%20%22Rages%22%20%20FROM%20usersession%20where%0A%09numberOfRageClicks%20BETWEEN%201%20and%203%20and%20useraction.name!%3D%22LastStep%22%20and%0A%09revenueproperty%3E0%20order%20by%20Rages%20DESC%0A&visualization=TABLE)"
		},
		{
			"name": "Markdown",
			"tileType": "MARKDOWN",
			"configured": true,
			"bounds": {
				"top": 228,
				"left": 1368,
				"width": 266,
				"height": 38
			},
			"tileFilter": {
				"timeframe": null,
				"managementZone": null
			},
			"markdown": "## [High Abandons (3+)](https://MyTenant/ui/user-sessions/query?sessionquery=select%20userid%20as%20%22User%22,revenueproperty%20as%20%22Revenue%22,%20numberOfRageClicks%20as%20%22Rages%22%20%20FROM%20usersession%20where%0A%09numberOfRageClicks%20%3E%202%20and%20useraction.name!%3D%22LastStep%22%20and%0A%09revenueproperty%3E0%20order%20by%20numberOfRageClicks%20DESC%0A&visualization=TABLE)"
		},
		{
			"name": "User Sessions Query",
			"tileType": "DTAQL",
			"configured": true,
			"bounds": {
				"top": 494,
				"left": 0,
				"width": 1634,
				"height": 342
			},
			"tileFilter": {
				"timeframe": null,
				"managementZone": null
			},
			"customName": "\ud83d\ude21",
			"query": "select DISTINCT DATETIME(starttime, \"HH:mm\", \"10m\") as \"Time\", sum(numberOfRageClicks) as \"Rages\" FROM usersession where useraction.application=\"MyApp\" and numberOfRageClicks>0",
			"type": "COLUMN_CHART"
		},
		{
			"name": "Rages Over Time",
			"tileType": "HEADER",
			"configured": true,
			"bounds": {
				"top": 456,
				"left": 0,
				"width": 304,
				"height": 38
			},
			"tileFilter": {
				"timeframe": null,
				"managementZone": null
			}
		}
	]
}
